transaction_id,user_id,timestamp,total,subtotal,discount,status,payment_method
txn_9273055802d4,user_000297,2025-01-30T05:45:40,58942.32,66068.75,7126.43,completed,bank_transfer
txn_bed45b06d3c2,user_000070,2025-03-09T09:49:31,9533.92,9970.4,436.48,processing,visa_card
txn_311d17c78827,user_000200,2025-03-30T20:32:34,9302.19,9302.19,0.0,completed,mtn_momo
txn_044437883d56,user_000123,2025-03-07T12:01:09,61419.16,61419.16,0.0,shipped,visa_card
txn_201b2f314e88,user_000323,2025-03-17T12:20:21,2727.03,2727.03,0.0,completed,mtn_momo
txn_5bd6c6b3e9c0,user_000180,2025-02-19T02:24:24,6372.24,6372.24,0.0,refunded,airtel_money
txn_dd0d2ab60f4f,user_000349,2025-03-21T06:50:13,17655.95,17655.95,0.0,refunded,bank_transfer
txn_06e18c151fd7,user_000131,2025-03-26T08:33:09,15939.09,18662.23,2723.14,refunded,bank_transfer
txn_95a5c1d50592,user_000309,2025-01-07T22:58:57,140719.61,140719.61,0.0,refunded,cash
txn_c2300a8ebe56,user_000081,2025-03-17T02:18:08,43274.76,43274.76,0.0,shipped,cash
txn_a8fcd1f9668f,user_000326,2025-03-03T12:05:47,64027.74,64027.74,0.0,completed,mtn_momo
txn_b4b80b528428,user_000311,2025-01-12T04:32:51,17847.69,17847.69,0.0,refunded,airtel_money
txn_70a306fdc525,user_000016,2025-02-17T15:45:07,112267.84,129803.1,17535.26,refunded,cash
txn_d84b0733f7be,user_000413,2025-03-09T17:46:30,21929.7,23451.18,1521.48,shipped,bank_transfer
txn_f6eb19a22ca5,user_000193,2025-03-15T17:01:36,42194.13,42194.13,0.0,completed,bank_transfer
txn_9e201f6785dd,user_000024,2025-01-30T13:08:57,30523.38,30523.38,0.0,processing,airtel_money
txn_13e89b31b3cd,user_000036,2025-03-04T03:50:15,1001.85,1001.85,0.0,processing,mtn_momo
txn_85064de8730f,user_000341,2025-03-16T11:24:41,27595.87,31015.08,3419.21,processing,bank_transfer
txn_ac3e2698c020,user_000178,2025-03-29T02:52:16,27961.86,30516.08,2554.22,refunded,bank_transfer
txn_9200925888d5,user_000495,2025-02-24T21:26:24,41987.72,41987.72,0.0,completed,airtel_money
txn_6e587c036cab,user_000431,2025-01-14T18:11:25,84331.08,87842.62,3511.54,completed,visa_card
txn_5dece6437ee4,user_000295,2025-01-17T07:09:35,7223.65,7223.65,0.0,refunded,bank_transfer
txn_7d850d89478f,user_000426,2025-02-27T20:19:48,8781.78,8781.78,0.0,processing,visa_card
txn_48b7b35d3dd2,user_000294,2025-01-26T20:31:41,15301.51,15301.51,0.0,shipped,visa_card
txn_8378c7df23b0,user_000094,2025-01-15T16:26:40,57577.93,58632.94,1055.01,completed,cash
txn_da1f85f20591,user_000221,2025-01-15T23:26:27,43696.8,43696.8,0.0,refunded,mtn_momo
txn_b5e1bdbbfdff,user_000158,2025-02-23T09:35:51,3530.03,3530.03,0.0,shipped,airtel_money
txn_6cc553d26ed6,user_000152,2025-02-05T14:30:17,47571.98,47571.98,0.0,processing,visa_card
txn_bf89e1efbba8,user_000371,2025-01-03T14:09:37,36186.93,36186.93,0.0,refunded,cash
txn_7e0af71efce6,user_000342,2025-01-01T07:08:56,51928.35,51928.35,0.0,processing,mtn_momo
txn_a2364d234eef,user_000384,2025-03-27T22:53:59,49969.86,50270.15,300.29,shipped,visa_card
txn_192a325f5aae,user_000073,2025-01-29T14:28:54,49697.4,49697.4,0.0,processing,cash
txn_bb04eab259c5,user_000083,2025-01-30T20:39:10,33617.68,38373.84,4756.16,processing,visa_card
txn_7b9d11aa8b9a,user_000383,2025-02-27T22:57:32,11716.97,11716.97,0.0,completed,airtel_money
txn_1d32695b46a2,user_000339,2025-01-16T02:23:42,34396.04,34396.04,0.0,shipped,bank_transfer
txn_71dac4b9e6d2,user_000219,2025-03-27T04:02:09,3005.55,3005.55,0.0,shipped,cash
txn_6bc0e2dab2bb,user_000124,2025-01-30T08:43:22,7065.7,8015.68,949.98,refunded,mtn_momo
txn_60657259129f,user_000423,2025-03-11T10:35:54,54340.47,54340.47,0.0,processing,mtn_momo
txn_c072c033423d,user_000038,2025-01-14T10:03:15,10277.26,10277.26,0.0,completed,cash
txn_511103332fbf,user_000286,2025-01-05T02:43:58,8335.41,8335.41,0.0,processing,bank_transfer
txn_91f80382f303,user_000185,2025-03-24T11:20:50,49270.44,49270.44,0.0,shipped,airtel_money
txn_209f5ea877ff,user_000057,2025-03-30T10:18:32,38107.47,38107.47,0.0,processing,airtel_money
txn_53a8d23ac34b,user_000179,2025-02-20T21:52:27,44616.22,44616.22,0.0,completed,bank_transfer
txn_c0df04777aa8,user_000375,2025-02-28T16:25:41,147060.59,147060.59,0.0,processing,bank_transfer
txn_d81740d23f02,user_000257,2025-02-25T18:07:46,34694.11,34694.11,0.0,shipped,mtn_momo
txn_c43aadf48b55,user_000433,2025-02-15T19:35:31,37866.01,42395.04,4529.03,refunded,bank_transfer
txn_0f09b227a1b0,user_000011,2025-02-08T21:09:37,12707.6,12707.6,0.0,refunded,visa_card
txn_16b27777e3e4,user_000356,2025-02-16T20:31:06,102791.56,102791.56,0.0,refunded,bank_transfer
txn_62bdc049f01f,user_000107,2025-03-01T02:11:08,43242.89,50283.04,7040.15,refunded,mtn_momo
txn_f178edddf1e7,user_000423,2025-02-18T13:43:20,69037.5,69037.5,0.0,completed,cash
txn_ee0a89da0ea0,user_000462,2025-01-02T18:09:40,2744.62,3047.16,302.54,refunded,visa_card
txn_cfc10e4ed17c,user_000306,2025-02-23T04:38:49,59847.22,59847.22,0.0,completed,mtn_momo
txn_78b6afa8f634,user_000494,2025-03-28T11:42:47,58273.77,58273.77,0.0,shipped,cash
txn_eb618fa0171f,user_000261,2025-02-14T22:08:39,31794.26,31794.26,0.0,shipped,cash
txn_5b16c3af626f,user_000296,2025-01-19T00:27:09,18277.89,18277.89,0.0,shipped,cash
txn_0d0137811f64,user_000028,2025-02-28T10:03:33,63618.8,63618.8,0.0,shipped,mtn_momo
txn_4c1b13769193,user_000316,2025-03-09T13:03:09,17450.84,17450.84,0.0,refunded,bank_transfer
txn_eccf0e5c4b83,user_000345,2025-01-18T04:00:05,13153.86,13153.86,0.0,processing,cash
txn_8bbb953a9b9a,user_000232,2025-01-26T19:47:25,24357.92,24357.92,0.0,refunded,bank_transfer
txn_ce992a9b3237,user_000489,2025-01-21T15:51:29,90078.66,90078.66,0.0,refunded,cash
txn_facf13aeda14,user_000330,2025-02-14T10:53:17,25530.83,25530.83,0.0,refunded,airtel_money
txn_a83db84d353f,user_000368,2025-01-18T01:57:00,11195.72,11195.72,0.0,shipped,mtn_momo
txn_9e5efa77f575,user_000269,2025-01-26T12:35:22,125077.0,125077.0,0.0,completed,mtn_momo
txn_ed4126772470,user_000168,2025-01-10T01:41:14,99385.64,99385.64,0.0,processing,airtel_money
txn_2c7fd57d90c3,user_000354,2025-01-06T13:03:35,16106.0,16106.0,0.0,completed,cash
txn_ef1bc1e3c0f0,user_000333,2025-01-21T18:39:36,35760.58,35760.58,0.0,refunded,bank_transfer
txn_b2456dd61f86,user_000017,2025-02-12T16:18:18,28605.78,28605.78,0.0,processing,visa_card
txn_898492197d53,user_000078,2025-03-28T16:07:50,77375.94,77375.94,0.0,processing,mtn_momo
txn_31daea900461,user_000222,2025-01-10T00:45:35,78384.46,86056.44,7671.98,shipped,visa_card
txn_b80a327e90c7,user_000202,2025-01-12T07:54:42,124915.92,124915.92,0.0,refunded,cash
txn_8c004eb3e8f8,user_000129,2025-02-08T10:41:29,36803.9,36803.9,0.0,completed,visa_card
txn_cba5654da778,user_000423,2025-02-22T02:00:27,2694.12,2694.12,0.0,refunded,airtel_money
txn_c4381d007d98,user_000241,2025-02-04T08:17:46,73342.81,77698.36,4355.55,completed,cash
txn_146ffc372484,user_000311,2025-03-02T22:43:05,35904.4,35904.4,0.0,shipped,airtel_money
txn_e58d191c09f8,user_000058,2025-03-02T14:12:34,5819.43,5819.43,0.0,completed,visa_card
txn_9bca291ed983,user_000266,2025-01-11T04:06:12,90175.32,100891.59,10716.27,shipped,airtel_money
txn_d0fc853799c7,user_000115,2025-02-11T06:08:36,59496.87,59496.87,0.0,shipped,airtel_money
txn_6f2a03be89bb,user_000409,2025-01-31T15:17:13,45653.53,50999.1,5345.57,processing,cash
txn_748f9ee2ff7e,user_000380,2025-03-26T03:18:12,19920.58,19920.58,0.0,completed,mtn_momo
txn_7d755efe81ec,user_000100,2025-01-04T02:54:48,3345.73,3345.73,0.0,refunded,bank_transfer
txn_54f446067375,user_000015,2025-01-11T07:57:32,30516.08,30516.08,0.0,refunded,visa_card
txn_68b64c48ce5d,user_000008,2025-03-27T22:20:17,11361.21,11361.21,0.0,processing,visa_card
txn_8329b82266bc,user_000326,2025-02-01T08:49:02,34565.07,36015.07,1450.0,refunded,cash
txn_7c3376bcc76e,user_000417,2025-03-13T22:22:39,30157.36,30157.36,0.0,refunded,mtn_momo
txn_22aa0deaf7eb,user_000287,2025-02-08T14:06:47,43689.12,48715.73,5026.61,shipped,visa_card
txn_90a4b93bf502,user_000221,2025-03-26T21:36:54,23750.42,23750.42,0.0,refunded,visa_card
txn_5ee32489de58,user_000356,2025-03-22T15:16:39,41304.59,46428.24,5123.65,refunded,cash
txn_4a712b3b12ce,user_000238,2025-03-12T01:33:02,50801.02,50801.02,0.0,completed,mtn_momo
txn_0f08da5acb5a,user_000095,2025-02-28T17:58:28,55678.6,55678.6,0.0,completed,visa_card
txn_e7d252df9279,user_000372,2025-02-01T02:51:25,31863.84,31863.84,0.0,shipped,visa_card
txn_92a881ea09fb,user_000195,2025-02-12T01:08:08,8205.12,8205.12,0.0,processing,bank_transfer
txn_1e3c40887a9d,user_000376,2025-02-02T14:42:58,81468.21,83096.1,1627.89,shipped,mtn_momo
txn_546ff6c9a782,user_000083,2025-03-22T14:12:11,66850.38,66850.38,0.0,refunded,visa_card
txn_ce70a15c3222,user_000057,2025-03-25T09:41:48,42307.63,46800.45,4492.82,processing,bank_transfer
txn_d5faf617d87d,user_000067,2025-01-06T19:01:00,40291.94,46801.11,6509.17,processing,visa_card
txn_039e34ae02ab,user_000251,2025-03-01T08:03:47,14815.76,14815.76,0.0,processing,visa_card
txn_ff10273f850a,user_000277,2025-01-09T03:14:51,11857.85,11860.38,2.53,processing,visa_card
txn_b9281fa40575,user_000087,2025-01-06T04:17:00,63647.12,63647.12,0.0,shipped,visa_card
txn_68bce8d7e234,user_000406,2025-01-23T23:45:07,9059.95,9059.95,0.0,refunded,cash
txn_6a46914102a2,user_000243,2025-03-20T04:59:59,50341.46,50341.46,0.0,refunded,cash
txn_bfecba3be13c,user_000195,2025-01-12T03:02:45,34549.14,34549.14,0.0,refunded,visa_card
txn_3eef6186ab4f,user_000326,2025-03-05T02:02:03,84365.6,84365.6,0.0,completed,visa_card
txn_cbd31fc7d512,user_000096,2025-01-17T19:47:57,12329.23,12329.23,0.0,shipped,bank_transfer
txn_d757dd7c233b,user_000115,2025-03-02T16:13:14,9935.58,9935.58,0.0,processing,airtel_money
txn_56b9d0c96423,user_000086,2025-03-11T02:30:58,11457.7,11457.7,0.0,shipped,airtel_money
txn_bf06bb86f40f,user_000025,2025-03-14T21:29:01,38463.62,38463.62,0.0,shipped,airtel_money
txn_dfe751587bb7,user_000342,2025-01-22T02:36:11,17564.56,17564.56,0.0,completed,bank_transfer
txn_e1f8607d1e0f,user_000267,2025-01-15T21:22:33,82176.88,82176.88,0.0,processing,visa_card
txn_d3e1e9a44994,user_000340,2025-01-11T07:56:11,51449.01,51449.01,0.0,completed,visa_card
txn_e3e061c06d43,user_000161,2025-03-08T03:58:17,39513.56,39513.56,0.0,completed,airtel_money
txn_fd03ed3e6027,user_000499,2025-01-14T08:58:04,80776.96,80776.96,0.0,refunded,airtel_money
txn_dd211eba2ae4,user_000418,2025-01-24T06:43:44,73497.31,80902.1,7404.79,shipped,mtn_momo
txn_401fa8a4c484,user_000454,2025-01-16T04:31:22,128714.67,138622.95,9908.28,refunded,visa_card
txn_b4cc56d3b36d,user_000298,2025-01-13T16:53:26,77601.0,77601.0,0.0,processing,bank_transfer
txn_b236247b9616,user_000347,2025-01-03T09:04:29,44958.11,44958.11,0.0,refunded,airtel_money
txn_7452f9d7e082,user_000171,2025-01-09T10:09:53,5547.99,5691.18,143.19,shipped,bank_transfer
txn_f9c73a52a972,user_000349,2025-01-30T22:31:42,15573.0,15573.0,0.0,refunded,visa_card
txn_f5da41ba84ce,user_000467,2025-03-05T05:10:45,34632.78,35268.7,635.92,refunded,mtn_momo
txn_433d6d2d500b,user_000264,2025-01-08T19:20:51,20190.62,21095.52,904.9,shipped,bank_transfer
txn_44c86c87fe76,user_000346,2025-03-26T02:07:14,51765.99,51765.99,0.0,shipped,mtn_momo
txn_322cf6f7fb2e,user_000469,2025-03-02T02:34:57,54168.04,54168.04,0.0,refunded,bank_transfer
txn_3d96f746c1cf,user_000112,2025-02-18T13:29:05,19169.31,20042.44,873.13,refunded,cash
txn_a08df5da7f61,user_000389,2025-03-18T06:23:56,18375.54,18375.54,0.0,shipped,visa_card
txn_722069087e64,user_000191,2025-01-10T06:43:00,98301.84,98301.84,0.0,refunded,mtn_momo
txn_f807206b1ed7,user_000359,2025-01-17T04:56:33,68394.68,68394.68,0.0,processing,bank_transfer
txn_02d8eb8864ba,user_000070,2025-03-14T19:41:38,46281.38,46281.38,0.0,refunded,cash
txn_fdbd4675aa1c,user_000422,2025-02-18T21:18:05,64861.42,64861.42,0.0,shipped,mtn_momo
txn_0f3190b0f596,user_000097,2025-01-28T15:55:36,91795.56,91795.56,0.0,refunded,mtn_momo
txn_cd6688616b10,user_000118,2025-01-09T23:02:24,92567.04,105643.07,13076.03,processing,visa_card
txn_a97162e14be1,user_000081,2025-03-19T13:27:09,53653.07,53653.07,0.0,refunded,bank_transfer
txn_27a3927dc567,user_000477,2025-02-06T07:57:01,15735.84,15735.84,0.0,shipped,bank_transfer
txn_5f06578f7571,user_000106,2025-03-22T22:58:34,8413.92,8413.92,0.0,shipped,visa_card
txn_383f3b4b7788,user_000360,2025-01-14T11:28:22,66244.16,66244.16,0.0,processing,cash
txn_5f322c4b8392,user_000107,2025-01-06T09:56:02,15109.29,15109.29,0.0,completed,cash
txn_373aad7c0b55,user_000068,2025-03-08T11:04:34,17952.1,17952.1,0.0,completed,cash
txn_f6881c67a657,user_000358,2025-02-23T18:22:06,66856.92,66856.92,0.0,processing,visa_card
txn_c728c3efacb8,user_000369,2025-03-28T17:20:30,72063.64,72063.64,0.0,completed,cash
txn_d77e9533b089,user_000318,2025-02-18T14:17:27,71988.44,71988.44,0.0,completed,cash
txn_c18c1ac4dee3,user_000462,2025-01-29T20:18:37,91465.3,91465.3,0.0,processing,cash
txn_77feda6fda8b,user_000329,2025-01-16T03:54:13,6125.18,6125.18,0.0,completed,visa_card
txn_eaea18ef81d6,user_000387,2025-03-23T22:09:52,46532.8,46532.8,0.0,completed,visa_card
txn_06bfb7f6fa14,user_000380,2025-03-12T14:15:56,3436.04,3436.04,0.0,shipped,cash
txn_1a293dbddc33,user_000181,2025-01-04T18:23:05,42387.92,43735.31,1347.39,processing,visa_card
txn_3e7605fb09db,user_000406,2025-03-23T18:18:12,55908.6,61926.68,6018.08,processing,mtn_momo
txn_d8c56d54c22e,user_000229,2025-01-22T03:26:58,105181.08,105181.08,0.0,refunded,bank_transfer
txn_6ca96b63397d,user_000134,2025-03-16T05:44:33,9823.44,9823.44,0.0,completed,airtel_money
txn_d51982c021d6,user_000136,2025-02-24T06:38:01,17869.91,18001.83,131.92,processing,mtn_momo
txn_2aba7c1a1f74,user_000137,2025-03-02T22:30:31,178825.42,178825.42,0.0,processing,mtn_momo
txn_693d33b8ae42,user_000499,2025-02-07T03:14:42,50727.79,56261.0,5533.21,processing,cash
txn_344509d342da,user_000070,2025-01-11T07:24:50,47441.97,47441.97,0.0,completed,mtn_momo
txn_7cbb0b31557b,user_000284,2025-01-22T00:10:32,10424.99,11169.2,744.21,refunded,mtn_momo
txn_170c3a6525a1,user_000489,2025-01-31T15:14:09,100982.4,100982.4,0.0,processing,mtn_momo
txn_c30bd7090142,user_000181,2025-02-25T03:46:53,22674.0,22674.0,0.0,completed,airtel_money
txn_ce616394b23d,user_000173,2025-02-15T05:43:21,58358.23,66206.51,7848.28,processing,cash
txn_a5dad0addc48,user_000204,2025-01-09T23:32:52,74917.83,80611.32,5693.49,shipped,visa_card
txn_618fc5df838a,user_000077,2025-03-27T02:41:06,52727.37,52727.37,0.0,shipped,cash
txn_062028d7f945,user_000202,2025-03-20T16:55:06,80196.33,80196.33,0.0,processing,mtn_momo
txn_6f79d88fdadc,user_000267,2025-01-19T10:11:41,12144.84,12144.84,0.0,shipped,mtn_momo
txn_ceee0cdb1595,user_000125,2025-03-17T09:44:09,36422.79,36422.79,0.0,processing,mtn_momo
txn_dd759f573c86,user_000226,2025-02-28T03:43:31,35415.78,35415.78,0.0,shipped,airtel_money
txn_2af3ca2a4901,user_000283,2025-01-11T05:00:26,27366.6,27366.6,0.0,shipped,visa_card
txn_7243ac05f7a9,user_000252,2025-02-08T10:04:40,31649.94,31649.94,0.0,shipped,cash
txn_3f6917dc7e27,user_000369,2025-02-27T08:14:01,34987.7,35487.63,499.93,processing,airtel_money
txn_2bc6f0138f7e,user_000277,2025-02-11T19:16:46,18027.83,18307.18,279.35,refunded,visa_card
txn_5e44052474a9,user_000267,2025-02-23T01:20:30,27023.84,27023.84,0.0,shipped,mtn_momo
txn_6e3da2e2ce60,user_000420,2025-01-13T03:35:15,29351.9,29351.9,0.0,refunded,visa_card
txn_9b73da7784f4,user_000095,2025-02-24T19:54:37,18005.16,18005.16,0.0,completed,visa_card
txn_13b9083b3cf3,user_000204,2025-03-12T08:50:44,15244.03,15284.92,40.89,refunded,mtn_momo
txn_6584a2943bd4,user_000044,2025-01-27T00:47:46,27625.8,27625.8,0.0,processing,visa_card
txn_e02aba327de3,user_000245,2025-03-17T22:55:57,59449.8,65220.68,5770.88,processing,airtel_money
txn_8bbee54bc3d4,user_000321,2025-02-17T13:27:01,53123.67,53123.67,0.0,refunded,airtel_money
txn_3ff6f0b5c1fa,user_000259,2025-02-04T23:05:28,4210.53,4874.84,664.31,refunded,bank_transfer
txn_9e581059903e,user_000236,2025-01-07T15:06:52,35415.78,35415.78,0.0,shipped,visa_card
txn_c861a91428ab,user_000074,2025-02-03T05:21:08,4897.29,5458.6,561.31,refunded,mtn_momo
txn_c9badbe75f14,user_000417,2025-01-02T01:12:24,69236.16,69236.16,0.0,shipped,airtel_money
txn_b921e65af988,user_000330,2025-02-07T11:54:37,111018.76,111018.76,0.0,shipped,cash
txn_41666272b502,user_000331,2025-02-23T17:47:03,14527.98,14817.2,289.22,shipped,visa_card
txn_e9973345a371,user_000374,2025-02-22T12:34:14,19946.62,19946.62,0.0,shipped,airtel_money
txn_5a673666016d,user_000019,2025-01-27T14:22:44,18288.78,18288.78,0.0,processing,cash
txn_cb0b2be3fffd,user_000469,2025-01-25T06:44:45,18119.9,18119.9,0.0,refunded,airtel_money
txn_16db771359da,user_000098,2025-02-19T19:31:10,29022.04,33684.36,4662.32,processing,bank_transfer
txn_6551a5bc95a2,user_000059,2025-03-16T23:00:41,30214.99,35091.48,4876.49,refunded,bank_transfer
txn_55112a135897,user_000229,2025-01-08T05:59:30,21693.58,21693.58,0.0,shipped,airtel_money
txn_1e99eb8ffc83,user_000334,2025-01-03T04:32:16,20814.39,21172.59,358.2,refunded,airtel_money
txn_06108cc92285,user_000377,2025-02-12T17:31:39,62260.08,62260.08,0.0,completed,visa_card
txn_b2788a2f63fe,user_000178,2025-03-19T11:35:29,74918.24,74918.24,0.0,shipped,mtn_momo
txn_660c595a654b,user_000316,2025-02-13T18:40:16,66420.99,66420.99,0.0,completed,bank_transfer
txn_137af04563d0,user_000091,2025-03-09T01:29:14,44905.51,45625.12,719.61,completed,cash
txn_fa7fc48ecd16,user_000311,2025-02-23T04:18:52,52935.04,52935.04,0.0,refunded,visa_card
txn_57c6532e455b,user_000054,2025-03-14T20:55:23,168112.0,168112.0,0.0,refunded,cash
txn_0dbc93f3c75f,user_000284,2025-03-24T21:57:26,14789.84,14789.84,0.0,refunded,airtel_money
txn_c22926e5e6a4,user_000288,2025-03-13T01:15:52,22007.68,22007.68,0.0,processing,mtn_momo
txn_d60391dd2f37,user_000262,2025-03-22T07:04:19,37147.66,37147.66,0.0,processing,bank_transfer
txn_4e2bf6729747,user_000391,2025-02-01T05:06:55,59389.09,59389.09,0.0,processing,visa_card
txn_45fb8449b9b5,user_000088,2025-02-16T00:05:04,70942.33,81470.9,10528.57,refunded,airtel_money
txn_f7d76c190778,user_000039,2025-01-08T06:50:58,87045.52,89843.78,2798.26,processing,cash
txn_2bb381c0b259,user_000467,2025-02-07T23:10:52,94550.88,96686.16,2135.28,processing,bank_transfer
txn_b0a8b7770cb5,user_000444,2025-02-27T00:13:17,119572.48,119572.48,0.0,completed,cash
txn_e89ee80c7d8b,user_000103,2025-03-28T12:11:06,75746.61,77597.39,1850.78,processing,visa_card
txn_c1d116495fc1,user_000164,2025-01-26T01:37:58,37860.84,37860.84,0.0,shipped,bank_transfer
txn_f99fd9fac382,user_000077,2025-01-21T23:59:47,129510.45,129510.45,0.0,completed,airtel_money
txn_83a37ff8bfaf,user_000115,2025-02-25T19:59:01,4857.73,4929.0,71.27,processing,airtel_money
txn_a5ca3306c827,user_000199,2025-03-02T20:23:42,67080.31,67080.31,0.0,processing,visa_card
txn_5df32121d3a9,user_000386,2025-02-09T08:39:11,33699.59,35354.04,1654.45,shipped,mtn_momo
txn_8ac569222296,user_000494,2025-02-05T02:38:34,32975.8,32975.8,0.0,processing,mtn_momo
txn_b016bba2d694,user_000218,2025-01-05T08:24:26,52103.57,61248.63,9145.06,refunded,visa_card
txn_76a77842b4c4,user_000457,2025-03-20T12:41:51,47596.91,50921.7,3324.79,completed,bank_transfer
txn_cbf458fcb36e,user_000217,2025-02-02T19:07:38,3339.69,3922.15,582.46,processing,cash
txn_2fa6d059eac6,user_000365,2025-03-26T22:15:07,18990.72,18990.72,0.0,refunded,cash
txn_0e2606268161,user_000035,2025-02-04T08:22:23,19061.4,19061.4,0.0,refunded,airtel_money
txn_790b86c2f1d0,user_000445,2025-03-24T13:20:09,107880.6,107880.6,0.0,refunded,cash
txn_e2ba81b1d7e5,user_000416,2025-02-01T02:10:44,39396.61,39396.61,0.0,refunded,bank_transfer
txn_e4e89b0609d3,user_000204,2025-03-05T07:34:51,17945.23,18882.55,937.32,shipped,visa_card
txn_d9f41394ad75,user_000100,2025-02-18T16:19:45,13086.95,15150.08,2063.13,processing,bank_transfer
txn_8888098df5a1,user_000313,2025-03-12T19:50:16,59669.17,59669.17,0.0,processing,visa_card
txn_89baedd1cc7d,user_000382,2025-03-24T03:40:45,32345.09,32345.09,0.0,completed,bank_transfer
txn_12a8f1d05bfc,user_000316,2025-03-15T11:16:00,49456.24,49456.24,0.0,completed,bank_transfer
txn_7171d43e0dd2,user_000294,2025-01-02T18:56:20,43624.72,43624.72,0.0,completed,bank_transfer
txn_6062c4310135,user_000364,2025-02-13T03:25:30,88218.81,88218.81,0.0,shipped,mtn_momo
txn_40cc47248d00,user_000317,2025-01-06T23:52:09,115686.24,115686.24,0.0,shipped,cash
txn_a7810c30146e,user_000013,2025-03-28T11:24:11,1669.63,1669.63,0.0,refunded,mtn_momo
txn_24ee881135da,user_000258,2025-03-20T23:26:45,20908.8,23193.84,2285.04,completed,mtn_momo
txn_283b99f54b15,user_000137,2025-01-09T22:32:24,160700.04,160700.04,0.0,completed,visa_card
txn_771aa00c6fb9,user_000275,2025-01-12T01:53:38,49950.59,49950.59,0.0,processing,mtn_momo
txn_ecd67ff40208,user_000152,2025-01-13T06:50:07,75684.13,77417.8,1733.67,refunded,mtn_momo
txn_ed9a07bf4cd9,user_000419,2025-02-02T21:33:04,67522.76,67522.76,0.0,completed,bank_transfer
txn_4e052909cdf6,user_000392,2025-02-08T12:12:59,71145.67,71145.67,0.0,processing,visa_card
txn_cf0b505a274c,user_000285,2025-01-22T10:27:14,30998.94,30998.94,0.0,processing,cash
txn_5d5c23cf558c,user_000056,2025-02-25T07:11:23,35692.5,35692.5,0.0,completed,mtn_momo
txn_a2dbfb6564dc,user_000463,2025-02-10T04:41:48,53588.52,53588.52,0.0,processing,bank_transfer
txn_2248680aef5a,user_000328,2025-02-07T23:39:25,37214.68,37214.68,0.0,refunded,mtn_momo
txn_8eae69feff63,user_000290,2025-01-19T17:21:31,2821.59,3176.82,355.23,shipped,visa_card
txn_6bec5c60e7e9,user_000031,2025-02-24T01:59:14,45426.33,45426.33,0.0,refunded,airtel_money
txn_bada68b758bf,user_000168,2025-02-28T02:26:02,10846.79,10846.79,0.0,completed,cash
txn_b91cefafb8ef,user_000110,2025-03-22T00:36:17,23172.94,24870.82,1697.88,refunded,mtn_momo
txn_d1601404f88c,user_000367,2025-02-14T10:44:20,82277.66,82277.66,0.0,refunded,airtel_money
txn_c54f559e5e48,user_000242,2025-02-19T01:26:32,74991.01,74991.01,0.0,completed,cash
txn_1d83eface5a8,user_000329,2025-03-19T21:50:48,5450.67,5450.67,0.0,refunded,visa_card
txn_073212fdda18,user_000044,2025-03-14T12:40:28,17014.92,17014.92,0.0,completed,airtel_money
txn_7e0a3bf8e511,user_000039,2025-02-15T07:04:43,106405.81,106405.81,0.0,processing,bank_transfer
txn_fe44a31f1957,user_000305,2025-02-14T18:38:15,1897.06,1897.06,0.0,refunded,visa_card
txn_47ddd9555522,user_000011,2025-02-06T14:53:17,2437.42,2437.42,0.0,refunded,mtn_momo
txn_6576a7a21958,user_000370,2025-03-18T12:34:11,17907.25,17907.25,0.0,processing,visa_card
txn_30048b943819,user_000453,2025-01-16T13:52:00,11951.93,13581.4,1629.47,completed,mtn_momo
txn_88c7e707f8d4,user_000048,2025-02-05T10:32:16,24614.92,24614.92,0.0,shipped,visa_card
txn_bec1f2c0b1be,user_000207,2025-03-13T18:10:24,43775.9,43775.9,0.0,completed,airtel_money
txn_8c79a8e936c7,user_000056,2025-02-25T17:36:00,119788.14,119788.14,0.0,shipped,cash
txn_64c9cd0f99ee,user_000049,2025-01-31T08:04:03,64537.59,71521.16,6983.57,shipped,cash
txn_3628e2b3a2a0,user_000115,2025-02-03T05:08:02,38819.53,38819.53,0.0,shipped,visa_card
txn_6195db074abe,user_000044,2025-03-21T02:56:51,59668.44,59668.44,0.0,processing,mtn_momo
txn_08f9741cb5e2,user_000494,2025-03-23T00:25:20,66546.68,66546.68,0.0,shipped,mtn_momo
txn_a3bdf6dd20b2,user_000211,2025-01-21T05:50:10,55118.46,55118.46,0.0,refunded,airtel_money
txn_664b4b64cf96,user_000358,2025-03-27T03:00:26,918.67,1035.28,116.61,shipped,mtn_momo
txn_c620d42873cf,user_000383,2025-03-19T07:10:27,108481.64,108481.64,0.0,shipped,visa_card
txn_5a953abe2816,user_000259,2025-02-12T07:51:53,34396.74,34396.74,0.0,completed,visa_card
txn_9851aaa1a3f3,user_000335,2025-01-22T03:58:31,25374.91,26766.02,1391.11,shipped,airtel_money
txn_19e77c0c966b,user_000367,2025-02-24T01:17:12,9371.48,9371.48,0.0,completed,bank_transfer
txn_963cea34ebb3,user_000267,2025-03-16T03:41:54,16221.66,16221.66,0.0,refunded,cash
txn_bbb5e0eada09,user_000476,2025-01-07T10:54:42,2728.72,3186.12,457.4,processing,airtel_money
txn_0af089c01745,user_000150,2025-03-27T07:39:39,142518.29,142518.29,0.0,refunded,airtel_money
txn_17fc46817100,user_000152,2025-02-15T18:37:22,55387.7,59068.2,3680.5,shipped,mtn_momo
txn_b96360c47e01,user_000342,2025-03-28T17:11:30,109659.12,115286.01,5626.89,shipped,airtel_money
txn_c01bab5603cd,user_000406,2025-03-22T13:21:17,23989.33,23989.33,0.0,refunded,airtel_money
txn_f3e2d844bd0e,user_000109,2025-03-08T09:59:19,18378.49,18569.22,190.73,completed,mtn_momo
txn_5d6397b4c6c8,user_000196,2025-01-29T12:16:54,12930.56,12930.56,0.0,completed,airtel_money
txn_b178f330660f,user_000415,2025-03-04T17:08:20,89066.44,89066.44,0.0,completed,visa_card
txn_4693f8270eca,user_000248,2025-03-06T23:15:49,16031.36,16031.36,0.0,shipped,mtn_momo
txn_a681185b4258,user_000278,2025-01-01T18:33:40,115452.99,117861.0,2408.01,refunded,airtel_money
txn_092eae43f173,user_000496,2025-01-29T04:20:47,16761.95,16761.95,0.0,completed,airtel_money
txn_a41d591a30ca,user_000268,2025-02-05T06:12:34,48527.57,48759.69,232.12,processing,bank_transfer
txn_547e90fb8125,user_000170,2025-03-24T05:19:02,34630.76,39784.44,5153.68,completed,bank_transfer
txn_c77b7b883b3d,user_000491,2025-02-18T00:59:34,20850.12,24181.62,3331.5,completed,mtn_momo
txn_6931e7b59a9c,user_000447,2025-02-09T19:42:10,12424.35,12424.35,0.0,completed,cash
txn_28ce4e44052c,user_000317,2025-01-18T06:05:33,68479.5,68479.5,0.0,processing,mtn_momo
txn_c1c60cd10604,user_000194,2025-03-08T06:21:13,72063.64,72063.64,0.0,completed,mtn_momo
txn_c2a5fbadc056,user_000363,2025-02-25T16:55:27,50905.95,50905.95,0.0,completed,bank_transfer
txn_1768a49181cb,user_000068,2025-02-21T13:07:57,78952.77,78952.77,0.0,completed,bank_transfer
txn_e2e77036c85b,user_000167,2025-02-01T08:33:14,63949.02,65537.66,1588.64,completed,bank_transfer
txn_d5b7e1f89b8d,user_000224,2025-03-14T21:55:07,9706.26,9706.26,0.0,shipped,mtn_momo
txn_a102c8e3afd9,user_000142,2025-01-04T03:03:52,50764.74,50764.74,0.0,processing,cash
txn_f90a7da0d6f1,user_000318,2025-01-29T05:55:05,15808.66,17149.67,1341.01,refunded,cash
txn_01f1ab61fb22,user_000186,2025-02-28T15:49:41,67221.13,67221.13,0.0,completed,airtel_money
txn_ef328682b4fc,user_000284,2025-03-28T16:28:31,16145.92,16145.92,0.0,completed,airtel_money
txn_3478f08c9d95,user_000129,2025-02-21T15:40:27,124102.0,124102.0,0.0,completed,visa_card
txn_f0056a5e9b8e,user_000417,2025-02-10T11:06:05,16465.93,19217.1,2751.17,completed,cash
txn_2c5bb4ab3463,user_000440,2025-01-22T20:08:48,42046.72,42046.72,0.0,processing,mtn_momo
txn_00e5a52ae0c4,user_000007,2025-02-17T05:07:10,46399.96,46399.96,0.0,completed,bank_transfer
txn_42e1d74cd221,user_000467,2025-03-07T22:37:57,26631.12,29776.71,3145.59,completed,visa_card
txn_f2e0b08786d9,user_000159,2025-02-04T09:48:17,90987.57,90987.57,0.0,refunded,bank_transfer
txn_559280769f52,user_000297,2025-02-27T02:32:13,67396.83,73649.94,6253.11,shipped,visa_card
txn_15a12d051b3c,user_000077,2025-01-14T12:20:19,51207.13,51207.13,0.0,shipped,bank_transfer
txn_3900b10e0656,user_000104,2025-02-25T18:23:57,91803.1,91803.1,0.0,completed,visa_card
txn_936ad2b4b714,user_000454,2025-03-06T20:59:56,43080.42,43080.42,0.0,processing,cash
txn_d0c34babdfb2,user_000157,2025-01-27T00:46:26,116808.37,116808.37,0.0,shipped,cash
txn_089fccaff010,user_000470,2025-01-29T05:48:07,23335.16,23335.16,0.0,completed,cash
txn_f3a2f2770961,user_000026,2025-02-28T01:56:29,3828.44,3828.44,0.0,shipped,airtel_money
txn_759ae31b0d9f,user_000262,2025-03-13T14:39:15,3882.23,3882.23,0.0,refunded,bank_transfer
txn_58643a319410,user_000436,2025-01-26T05:59:52,18993.19,18993.19,0.0,completed,visa_card
txn_2c71db6f56d7,user_000498,2025-01-27T09:43:02,16023.39,16023.39,0.0,shipped,visa_card
txn_7dc87fc4e4a1,user_000133,2025-01-15T11:53:53,31809.4,31809.4,0.0,shipped,cash
txn_9d62e51ee2b3,user_000018,2025-01-10T02:57:18,18001.83,18001.83,0.0,processing,cash
txn_903fc9421038,user_000375,2025-02-28T16:51:16,29081.15,29081.15,0.0,processing,bank_transfer
txn_15faeef620fe,user_000054,2025-01-31T21:14:34,25298.64,25298.64,0.0,completed,mtn_momo
txn_e8c09dba483d,user_000005,2025-01-04T05:00:21,20905.26,20905.26,0.0,refunded,bank_transfer
txn_ee4f044a0dc6,user_000147,2025-02-14T11:51:23,105361.86,105361.86,0.0,completed,cash
txn_688fa28d159d,user_000061,2025-03-01T23:44:07,8285.22,8285.22,0.0,processing,cash
txn_48a1090dca0e,user_000463,2025-02-15T00:12:19,34435.96,34435.96,0.0,shipped,cash
txn_2ce84147bf79,user_000387,2025-02-11T01:31:12,50385.89,50385.89,0.0,completed,cash
txn_dc0bf34e9092,user_000249,2025-02-05T04:24:01,18644.09,21228.64,2584.55,completed,cash
txn_621b8f6216fe,user_000481,2025-03-07T09:12:45,88079.33,88079.33,0.0,shipped,bank_transfer
txn_06a3f9c58564,user_000028,2025-01-24T11:32:39,7062.94,7062.94,0.0,shipped,mtn_momo
txn_c999453106c6,user_000096,2025-02-24T04:08:39,99843.88,103039.46,3195.58,shipped,bank_transfer
txn_4b2afa623fd1,user_000217,2025-03-28T00:08:17,19512.01,19512.01,0.0,shipped,visa_card
txn_9c55a991244d,user_000012,2025-03-03T19:03:18,21962.08,21962.08,0.0,processing,mtn_momo
txn_32dacc3b2cdb,user_000390,2025-03-27T03:16:49,7836.76,7836.76,0.0,completed,cash
txn_f18d1ac8c381,user_000058,2025-03-15T01:09:29,66097.99,71076.22,4978.23,refunded,visa_card
txn_96e555c3e83c,user_000109,2025-02-17T08:56:10,14633.44,14633.44,0.0,completed,cash
txn_4ad9c2fe6994,user_000159,2025-03-01T09:17:49,35465.84,38470.72,3004.88,processing,airtel_money
txn_2bf52f7e3959,user_000451,2025-03-12T13:47:04,11671.64,11671.64,0.0,processing,bank_transfer
txn_02dba048c9f8,user_000154,2025-03-12T17:06:28,66319.83,70992.3,4672.47,completed,visa_card
txn_1699b12c991e,user_000457,2025-01-12T21:36:33,21883.33,25415.2,3531.87,processing,airtel_money
txn_517d2415ba06,user_000047,2025-02-03T21:37:51,67695.13,76215.58,8520.45,refunded,airtel_money
txn_2aaa23a86f44,user_000496,2025-03-21T11:00:25,15865.23,15865.23,0.0,shipped,cash
txn_cfeb9f6e6fc5,user_000138,2025-03-24T05:14:10,25435.97,25435.97,0.0,completed,bank_transfer
txn_27375b5f58a6,user_000478,2025-03-28T22:05:41,12758.39,12758.39,0.0,completed,visa_card
txn_dd6dcd53d433,user_000495,2025-03-04T16:44:56,3270.71,3270.71,0.0,shipped,airtel_money
txn_fdc40786ea96,user_000141,2025-03-17T06:31:47,31028.63,35959.32,4930.69,processing,visa_card
txn_e108089a6a7d,user_000351,2025-01-15T16:38:22,56630.04,56630.04,0.0,processing,bank_transfer
txn_c02787fce76e,user_000497,2025-03-27T15:17:53,102617.52,102617.52,0.0,shipped,visa_card
txn_c15514ed5b38,user_000364,2025-03-09T13:29:52,51209.34,51209.34,0.0,refunded,cash
txn_fa5859568945,user_000485,2025-03-20T05:06:43,9061.73,9593.46,531.73,refunded,visa_card
txn_b66f167ff578,user_000272,2025-01-21T00:24:11,16822.62,19147.79,2325.17,completed,mtn_momo
txn_b1b8f654d26a,user_000166,2025-02-04T16:57:49,16363.63,16623.98,260.35,refunded,airtel_money
txn_1814b9f27591,user_000062,2025-02-19T20:23:14,8447.11,8447.11,0.0,refunded,mtn_momo
txn_a2b6e1d79087,user_000046,2025-01-14T05:58:44,14908.08,14908.08,0.0,shipped,cash
txn_a520423ae9fc,user_000289,2025-02-07T17:26:55,59866.28,59866.28,0.0,completed,airtel_money
txn_7dbe67ae49b4,user_000474,2025-03-12T07:09:15,16238.6,16238.6,0.0,refunded,cash
txn_a5cea88aa1ea,user_000385,2025-02-06T18:23:03,3459.6,3633.78,174.18,completed,bank_transfer
txn_e65240e444b3,user_000237,2025-03-17T09:34:53,56493.21,56493.21,0.0,completed,mtn_momo
txn_6d32562bb939,user_000105,2025-02-25T15:24:58,12525.04,12525.04,0.0,processing,airtel_money
txn_5cf1fdd5e76b,user_000440,2025-02-09T22:34:27,11338.93,13333.13,1994.2,refunded,bank_transfer
txn_8e8b8292eb3e,user_000499,2025-01-11T06:17:16,40314.16,40314.16,0.0,completed,cash
txn_96359e3a8a23,user_000065,2025-03-30T06:52:57,112806.61,112806.61,0.0,refunded,mtn_momo
txn_cb909d75e4b1,user_000338,2025-02-11T12:46:29,37402.75,37402.75,0.0,shipped,mtn_momo
txn_19f29d900569,user_000406,2025-02-20T15:05:14,81296.54,81296.54,0.0,shipped,bank_transfer
txn_80c5e0527185,user_000394,2025-01-03T19:45:01,39268.82,39268.82,0.0,refunded,visa_card
txn_97bc19278b15,user_000106,2025-03-26T01:22:36,44918.87,49674.24,4755.37,completed,bank_transfer
txn_4f9bc7639310,user_000216,2025-02-06T07:39:01,7764.46,7764.46,0.0,processing,mtn_momo
txn_fe67a1729729,user_000252,2025-02-05T05:54:27,88497.64,88497.64,0.0,completed,visa_card
txn_b531863e7f46,user_000105,2025-01-24T14:45:42,51828.73,54001.5,2172.77,refunded,mtn_momo
txn_5eefc814362e,user_000311,2025-03-19T19:06:22,2453.7,2453.7,0.0,refunded,mtn_momo
txn_1548c1b25288,user_000294,2025-03-09T10:48:36,39512.46,39512.46,0.0,shipped,airtel_money
txn_ea6d036bd9e0,user_000394,2025-03-20T22:32:58,50079.03,50079.03,0.0,refunded,visa_card
txn_877a403e4677,user_000273,2025-02-14T15:37:03,53150.46,53150.46,0.0,completed,mtn_momo
txn_fc45326bd795,user_000174,2025-03-06T11:29:31,42199.92,42199.92,0.0,shipped,airtel_money
txn_3bfb2a8e9c73,user_000331,2025-02-10T21:56:57,10730.12,10730.12,0.0,shipped,mtn_momo
txn_56f80c159462,user_000215,2025-03-16T08:52:23,26095.6,26095.6,0.0,refunded,visa_card
txn_26642f6f66bd,user_000062,2025-03-12T07:09:53,11935.39,11970.51,35.12,processing,visa_card
txn_2a5b81043300,user_000499,2025-01-11T23:25:50,8080.97,8080.97,0.0,completed,bank_transfer
txn_179ce2077e1b,user_000027,2025-01-21T12:51:23,68382.22,69237.8,855.58,processing,cash
txn_789e3d520dc9,user_000473,2025-01-17T18:23:36,66840.0,66840.0,0.0,completed,cash
txn_1b65a80b533f,user_000380,2025-02-09T02:02:11,8181.09,8181.09,0.0,processing,cash
txn_fcbcfcc2f160,user_000347,2025-03-11T11:42:33,51632.73,58883.47,7250.74,processing,mtn_momo
txn_e61650dda6fe,user_000167,2025-03-26T02:53:04,36694.98,36694.98,0.0,completed,mtn_momo
txn_d107f2b63978,user_000468,2025-03-27T21:26:07,21197.52,21197.52,0.0,shipped,visa_card
txn_d00cdacb032f,user_000194,2025-01-14T10:06:25,12406.61,12406.61,0.0,refunded,airtel_money
txn_e1645d98b90c,user_000390,2025-01-11T09:44:12,9100.25,9100.25,0.0,completed,mtn_momo
txn_f2d6a7c058a4,user_000309,2025-02-15T11:44:00,119972.33,122629.56,2657.23,processing,mtn_momo
txn_b6610c28882d,user_000027,2025-03-06T15:06:59,87689.43,87689.43,0.0,shipped,cash
txn_b64f10ca32c0,user_000479,2025-03-13T12:23:24,84940.82,94263.69,9322.87,refunded,cash
txn_e2ca7f6afbbe,user_000274,2025-01-28T19:47:30,3554.4,3554.4,0.0,processing,cash
txn_32fff8f44b79,user_000064,2025-03-05T15:27:51,167548.32,167548.32,0.0,refunded,mtn_momo
txn_7d93a18cb7ae,user_000193,2025-01-17T07:28:31,26616.88,26616.88,0.0,shipped,cash
txn_050bc204b36b,user_000452,2025-03-02T19:50:57,81827.25,81827.25,0.0,refunded,mtn_momo
txn_821bf6f829bd,user_000122,2025-02-14T11:23:40,22855.57,22855.57,0.0,shipped,cash
txn_08c04aebf090,user_000478,2025-03-08T13:46:04,39527.96,39527.96,0.0,refunded,visa_card
txn_f21d14e73e8d,user_000048,2025-01-08T06:51:46,73389.96,73389.96,0.0,processing,visa_card
txn_6b5e9ae415b7,user_000105,2025-02-05T10:47:17,19459.6,19459.6,0.0,shipped,airtel_money
txn_bac077cfe09e,user_000381,2025-01-31T02:20:45,21931.23,23134.13,1202.9,completed,mtn_momo
txn_6da79d68ae97,user_000212,2025-01-10T01:31:10,39601.26,39601.26,0.0,completed,visa_card
txn_462a00992750,user_000276,2025-02-28T18:49:01,9697.92,9697.92,0.0,shipped,visa_card
txn_0019ad3d44be,user_000139,2025-02-25T07:21:09,41808.84,43290.08,1481.24,completed,cash
txn_53469d489101,user_000263,2025-03-20T06:24:09,56989.46,56989.46,0.0,shipped,mtn_momo
txn_3da239198343,user_000436,2025-01-18T21:49:01,49252.68,49252.68,0.0,refunded,cash
txn_120ee4c7e8ae,user_000020,2025-03-07T05:05:41,36624.0,36624.0,0.0,refunded,cash
txn_0936dde5d9ac,user_000318,2025-01-06T18:28:11,7335.56,7335.56,0.0,completed,visa_card
txn_4525fcfaba3b,user_000072,2025-01-04T02:58:40,30161.17,30161.17,0.0,shipped,visa_card
txn_7575d05c3f17,user_000252,2025-03-14T17:36:13,14267.52,14267.52,0.0,completed,cash
txn_57034afe6933,user_000189,2025-01-18T08:08:40,6702.13,6702.13,0.0,completed,cash
txn_a2caa6b1944b,user_000257,2025-02-10T13:26:05,55956.52,59107.2,3150.68,refunded,mtn_momo
txn_80a0d664314f,user_000401,2025-03-16T01:46:12,87055.89,87055.89,0.0,shipped,bank_transfer
txn_74f3307af6c5,user_000177,2025-03-15T08:03:49,104588.84,104588.84,0.0,shipped,cash
txn_f93a75322e01,user_000231,2025-02-12T08:58:55,34212.1,34212.1,0.0,processing,cash
txn_b00357086ad9,user_000181,2025-03-23T15:25:01,53588.52,53588.52,0.0,shipped,visa_card
txn_28fbf448c1f0,user_000048,2025-02-07T05:53:44,27058.7,30039.14,2980.44,shipped,bank_transfer
txn_2f50f0668216,user_000410,2025-02-26T02:36:50,34579.09,35555.56,976.47,processing,visa_card
txn_794e2e8c69a7,user_000496,2025-02-26T07:33:09,47304.75,47304.75,0.0,completed,bank_transfer
txn_ad79907b3204,user_000444,2025-02-21T16:23:32,89497.61,96079.66,6582.05,refunded,mtn_momo
txn_fa85f240a94c,user_000418,2025-03-06T00:43:04,54033.28,54033.28,0.0,refunded,cash
txn_1a4bf499abff,user_000019,2025-01-24T14:33:13,120239.32,120239.32,0.0,processing,airtel_money
txn_b6dc2866becd,user_000156,2025-02-28T08:33:02,77624.28,77624.28,0.0,shipped,mtn_momo
txn_bc1a4b33f6b4,user_000262,2025-01-22T19:12:00,26777.59,26777.59,0.0,completed,visa_card
txn_93bf24148d64,user_000438,2025-01-31T13:57:09,70443.24,70443.24,0.0,shipped,visa_card
txn_19686e56108e,user_000268,2025-02-23T01:45:01,49385.46,49456.24,70.78,refunded,airtel_money
txn_3efba0d3fa61,user_000318,2025-03-19T20:59:06,1873.04,1873.04,0.0,shipped,bank_transfer
txn_39110d2a7afb,user_000018,2025-02-04T02:46:21,47931.24,47931.24,0.0,completed,mtn_momo
txn_f48e50c19700,user_000471,2025-03-08T23:22:04,100605.0,106918.3,6313.3,shipped,visa_card
txn_7e1fc60a8812,user_000475,2025-01-15T20:14:49,55648.24,55648.24,0.0,shipped,cash
txn_118db6ed2f56,user_000421,2025-01-01T19:09:36,9237.41,10104.52,867.11,refunded,cash
txn_50462b1dda35,user_000396,2025-02-24T22:36:35,52313.27,57589.75,5276.48,processing,airtel_money
txn_5abcc0c27fc8,user_000298,2025-01-20T19:12:16,28401.54,28401.54,0.0,refunded,cash
txn_afc625cf07c9,user_000007,2025-01-15T01:29:06,44108.23,44108.23,0.0,completed,cash
txn_3135b8ee8902,user_000196,2025-01-08T23:23:20,3873.85,3933.96,60.11,refunded,visa_card
txn_b2f0b43418d7,user_000186,2025-03-11T01:28:30,94584.74,100040.62,5455.88,completed,mtn_momo
txn_859a384db8b3,user_000128,2025-02-08T22:02:38,47102.28,47102.28,0.0,completed,cash
txn_ff7a264638b1,user_000086,2025-01-29T15:44:04,64211.42,64211.42,0.0,refunded,airtel_money
txn_1a3d88b7936f,user_000336,2025-02-10T16:28:19,18375.54,18375.54,0.0,refunded,airtel_money
txn_e02dcfe2197a,user_000146,2025-03-03T05:31:23,83929.97,84047.62,117.65,processing,visa_card
txn_d310eff21b2d,user_000367,2025-02-09T07:30:00,73998.4,73998.4,0.0,processing,cash
txn_1839db0d63b3,user_000259,2025-02-25T23:12:43,38608.77,38608.77,0.0,processing,bank_transfer
txn_77cff1b712d5,user_000393,2025-02-12T03:07:37,28261.43,29061.88,800.45,completed,visa_card
txn_c48e56f29fc0,user_000450,2025-03-01T18:32:26,35302.74,35302.74,0.0,refunded,airtel_money
txn_acf8bf87b6ec,user_000356,2025-03-21T12:53:57,1450.66,1689.18,238.52,refunded,airtel_money
txn_be4106d4774b,user_000243,2025-03-02T11:14:37,35337.03,37682.84,2345.81,shipped,mtn_momo
txn_6466b96dd306,user_000464,2025-03-18T14:56:52,119101.2,119101.2,0.0,processing,airtel_money
txn_b025aa307b94,user_000061,2025-01-20T05:35:14,23343.93,23343.93,0.0,refunded,cash
txn_4c69de1eaf53,user_000236,2025-01-08T10:01:26,29712.34,29712.34,0.0,completed,bank_transfer
txn_9ae9bfecae98,user_000021,2025-01-06T23:32:29,94433.28,94433.28,0.0,shipped,cash
txn_5e87030e58b6,user_000245,2025-01-29T18:52:04,27541.49,28605.78,1064.29,completed,mtn_momo
txn_072ee8a8c908,user_000390,2025-01-08T15:42:12,65251.43,76524.76,11273.33,shipped,visa_card
txn_a704687eb83f,user_000186,2025-01-24T10:52:38,164452.44,164452.44,0.0,shipped,mtn_momo
txn_7ddb3e30e616,user_000382,2025-01-16T16:28:17,100782.28,100782.28,0.0,shipped,visa_card
txn_03383794add6,user_000046,2025-02-07T23:30:26,82739.63,82739.63,0.0,refunded,cash
txn_8698219913d9,user_000182,2025-03-02T03:27:06,14064.71,14064.71,0.0,completed,airtel_money
txn_00712aafe589,user_000267,2025-02-10T15:20:29,6691.18,6691.18,0.0,completed,mtn_momo
txn_139a2e02a364,user_000061,2025-03-27T17:22:01,9810.16,10379.94,569.78,shipped,airtel_money
txn_3dc6bf0ff65c,user_000346,2025-02-10T10:52:32,45059.92,45059.92,0.0,processing,visa_card
txn_fbf89409eeea,user_000420,2025-02-24T10:55:23,5695.51,5695.51,0.0,shipped,bank_transfer
txn_d415d2783629,user_000345,2025-01-12T01:48:51,68491.2,68491.2,0.0,refunded,airtel_money
txn_551d345b5cd1,user_000237,2025-03-21T09:58:58,56752.7,56752.7,0.0,processing,bank_transfer
txn_ca30411e1363,user_000014,2025-01-16T02:40:42,21431.79,21431.79,0.0,processing,airtel_money
txn_831de25e45c5,user_000098,2025-01-10T03:36:53,38266.36,38266.36,0.0,processing,mtn_momo
txn_b69a9c466f27,user_000460,2025-01-21T23:21:05,46081.38,46081.38,0.0,processing,bank_transfer
txn_578e6f3cdf2d,user_000353,2025-03-23T12:31:36,24101.89,24101.89,0.0,processing,cash
txn_11ea93932743,user_000023,2025-02-19T09:17:01,67780.32,67780.32,0.0,refunded,cash
txn_7475f69797cc,user_000374,2025-01-29T03:14:40,27907.52,28199.52,292.0,completed,airtel_money
txn_99d138631cfa,user_000073,2025-03-27T17:03:33,58497.47,58497.47,0.0,refunded,mtn_momo
txn_cc1a87f27192,user_000214,2025-01-07T18:32:45,20705.88,24281.86,3575.98,processing,visa_card
txn_ed90cb920125,user_000285,2025-03-15T13:10:57,98669.67,101490.3,2820.63,shipped,visa_card
txn_aee35c125d1a,user_000033,2025-02-14T14:57:16,111643.54,111643.54,0.0,shipped,airtel_money
txn_016908f5f21f,user_000441,2025-03-06T19:06:50,64460.37,64850.56,390.19,processing,mtn_momo
txn_136367217494,user_000017,2025-03-28T19:11:40,4883.43,5439.6,556.17,processing,bank_transfer
txn_8a75f5218996,user_000487,2025-03-21T10:59:56,53588.52,53588.52,0.0,refunded,bank_transfer
txn_0f1717ac39af,user_000367,2025-03-19T16:41:48,44257.96,44257.96,0.0,completed,airtel_money
txn_b2b9d3bde0be,user_000390,2025-03-28T18:26:19,63654.24,65948.79,2294.55,refunded,mtn_momo
txn_e3805410293f,user_000250,2025-01-24T11:55:14,39711.09,39711.09,0.0,completed,visa_card
txn_04905c973435,user_000383,2025-03-19T17:00:43,21197.52,21197.52,0.0,shipped,visa_card
txn_03c1f40dd0cb,user_000277,2025-02-08T08:03:13,26894.21,27921.32,1027.11,refunded,visa_card
txn_3fc778a71d4f,user_000227,2025-01-27T20:35:15,10037.19,10037.19,0.0,refunded,cash
txn_97ca8015a3e6,user_000497,2025-02-23T16:58:50,98990.3,98990.3,0.0,shipped,airtel_money
txn_e9b4f87c1d71,user_000005,2025-01-12T15:46:13,47684.79,47684.79,0.0,shipped,visa_card
txn_d451b1e7a36c,user_000098,2025-03-22T03:22:58,79392.84,79392.84,0.0,refunded,visa_card
txn_6a660bb88cf5,user_000292,2025-03-26T00:51:42,42970.6,42970.6,0.0,completed,bank_transfer
txn_5f0870053611,user_000332,2025-02-06T21:51:40,15470.98,15470.98,0.0,processing,visa_card
txn_96ba20225031,user_000405,2025-03-07T07:17:06,108384.72,108384.72,0.0,processing,visa_card
txn_365f16fd602e,user_000189,2025-03-08T11:27:25,59839.86,59839.86,0.0,refunded,bank_transfer
txn_59fd1c05c7d1,user_000082,2025-02-05T01:14:58,16097.18,16097.18,0.0,completed,mtn_momo
txn_74c565ce5857,user_000037,2025-02-20T19:03:25,29481.94,29481.94,0.0,completed,visa_card
txn_b214620299bb,user_000200,2025-03-30T02:42:45,78956.47,78956.47,0.0,refunded,bank_transfer
txn_93fa2797edb8,user_000239,2025-01-09T09:56:31,56256.56,56256.56,0.0,refunded,mtn_momo
txn_63c305007299,user_000109,2025-01-18T13:53:07,3188.82,3404.6,215.78,processing,airtel_money
txn_0f66fbf7c569,user_000355,2025-02-26T18:53:37,53670.96,53670.96,0.0,completed,visa_card
txn_5957dd8edbbe,user_000420,2025-01-15T08:10:28,12296.89,13718.94,1422.05,refunded,airtel_money
txn_1cfc7a9587f1,user_000302,2025-03-09T04:56:02,20483.28,20483.28,0.0,shipped,cash
txn_e670844a0e5e,user_000292,2025-03-15T05:32:18,46256.14,48990.55,2734.41,shipped,visa_card
txn_a5ee3023a88e,user_000210,2025-02-20T05:49:39,62776.77,63393.66,616.89,processing,airtel_money
txn_3c458739fdb1,user_000112,2025-01-21T17:05:52,14754.45,15405.92,651.47,processing,bank_transfer
txn_097f998c5e59,user_000439,2025-03-02T20:58:11,28948.08,28948.08,0.0,completed,visa_card
txn_35734fc82e7d,user_000110,2025-01-24T19:35:09,59757.84,59757.84,0.0,processing,cash
txn_3cfa0814882b,user_000480,2025-02-26T15:15:40,97842.05,97842.05,0.0,completed,bank_transfer
txn_0c858fa2c147,user_000123,2025-02-24T00:35:39,49022.5,49022.5,0.0,completed,mtn_momo
txn_e01fd2a55e1f,user_000103,2025-03-21T05:10:52,8811.12,8811.12,0.0,completed,bank_transfer
txn_9edcd95d93b3,user_000105,2025-01-05T02:28:40,20455.04,22722.42,2267.38,refunded,bank_transfer
txn_964ed314e4d7,user_000408,2025-03-01T12:45:41,16474.14,16474.14,0.0,completed,bank_transfer
txn_1988c758a380,user_000020,2025-02-28T04:10:25,11426.93,12297.2,870.27,completed,cash
txn_ba7e589d4236,user_000448,2025-02-08T09:15:14,56907.13,64608.77,7701.64,shipped,bank_transfer
txn_7018ef9232d6,user_000209,2025-01-29T12:32:47,41615.82,47931.24,6315.42,shipped,cash
txn_5ac51ddc527d,user_000149,2025-03-17T09:50:16,77620.83,77620.83,0.0,shipped,airtel_money
txn_ca9a62caefaa,user_000288,2025-02-15T14:35:35,16238.52,16238.52,0.0,shipped,airtel_money
txn_8db7eb733840,user_000444,2025-01-10T01:10:23,25907.63,25907.63,0.0,completed,mtn_momo
txn_38446820b0c9,user_000007,2025-03-13T22:24:40,38059.9,38059.9,0.0,processing,cash
txn_282cbb1b5eb4,user_000329,2025-02-01T07:47:54,32285.44,32285.44,0.0,completed,mtn_momo
txn_0596d0c77b07,user_000172,2025-02-05T12:00:35,76568.71,76568.71,0.0,shipped,bank_transfer
txn_0a851bca2bd6,user_000327,2025-02-22T06:09:03,13908.6,13908.6,0.0,shipped,cash
txn_7a29eb3c986a,user_000336,2025-01-29T21:27:48,23037.64,23037.64,0.0,shipped,bank_transfer
txn_7ee5c847ff86,user_000395,2025-03-29T13:21:30,62141.76,64299.18,2157.42,refunded,cash
txn_91b73767c76c,user_000222,2025-01-12T00:44:45,37329.57,41897.04,4567.47,processing,airtel_money
txn_6b808ccc424c,user_000233,2025-02-25T06:22:37,94235.22,94235.22,0.0,processing,airtel_money
txn_a3d5f9878b0b,user_000164,2025-01-14T04:12:26,67628.94,69138.08,1509.14,shipped,cash
txn_0225747b290a,user_000061,2025-01-26T00:20:46,19007.05,19007.05,0.0,refunded,airtel_money
txn_a92d65435b9f,user_000488,2025-03-24T03:21:28,16691.82,17983.56,1291.74,shipped,visa_card
txn_7d109520a49a,user_000171,2025-02-25T10:37:09,35458.02,35458.02,0.0,processing,airtel_money
txn_ec55dd880117,user_000225,2025-03-16T14:28:32,95901.84,95901.84,0.0,refunded,airtel_money
txn_256e46a332dd,user_000083,2025-01-09T17:38:45,8318.67,9593.46,1274.79,shipped,airtel_money
txn_8a612158ea62,user_000222,2025-01-01T18:47:20,3687.23,4091.37,404.14,refunded,bank_transfer
txn_160bc64acf58,user_000188,2025-03-23T18:13:57,42970.12,47615.76,4645.64,shipped,bank_transfer
txn_5259412250af,user_000003,2025-03-09T02:47:37,125061.2,125061.2,0.0,completed,bank_transfer
txn_ba5e90e06de2,user_000188,2025-02-25T07:56:39,32069.25,32069.25,0.0,completed,airtel_money
txn_2c7980988126,user_000491,2025-02-28T07:58:45,19634.41,19634.41,0.0,completed,visa_card
txn_3c5664fcd9d0,user_000321,2025-03-06T11:03:22,49167.26,49167.26,0.0,completed,visa_card
txn_6b66a6fe41e9,user_000364,2025-02-06T11:10:37,21365.08,21365.08,0.0,shipped,visa_card
txn_d754a6c4c02e,user_000012,2025-01-10T20:36:16,66047.33,76489.16,10441.83,processing,airtel_money
txn_25cd6da2faf8,user_000334,2025-01-09T07:18:57,112360.22,128771.31,16411.09,refunded,visa_card
txn_8ecb65c4f3cf,user_000404,2025-03-03T02:04:38,53813.24,53813.24,0.0,refunded,bank_transfer
txn_d2c72b865c6f,user_000121,2025-02-12T16:59:08,46861.12,46861.12,0.0,shipped,airtel_money
txn_f1030ff763ad,user_000287,2025-01-28T01:39:12,36240.85,40909.34,4668.49,refunded,airtel_money
txn_82b49a451732,user_000189,2025-02-10T11:58:42,61292.2,61292.2,0.0,completed,visa_card
txn_82801724d85b,user_000170,2025-01-26T08:34:03,11303.42,11303.42,0.0,shipped,visa_card
txn_0c5355607120,user_000434,2025-02-02T14:08:16,72360.21,72360.21,0.0,refunded,cash
txn_aba3f68d19b6,user_000245,2025-02-15T02:11:21,19205.78,19205.78,0.0,completed,bank_transfer
txn_3fb304fa6b53,user_000009,2025-01-12T05:16:50,19695.98,20785.78,1089.8,processing,bank_transfer
txn_2d94f3005c9a,user_000375,2025-03-27T09:31:34,5210.66,5854.52,643.86,refunded,airtel_money
txn_dcda4c573240,user_000119,2025-01-01T04:37:55,46149.62,46149.62,0.0,shipped,cash
txn_1f864601d9f9,user_000339,2025-02-20T03:00:48,30660.92,30660.92,0.0,shipped,airtel_money
txn_75fc49840aca,user_000260,2025-02-06T14:24:57,10742.65,10742.65,0.0,processing,airtel_money
txn_b9d9cc73c622,user_000470,2025-03-26T00:48:36,19940.8,19940.8,0.0,refunded,airtel_money
txn_b1eea9642469,user_000154,2025-01-09T11:14:04,15957.14,15957.14,0.0,refunded,bank_transfer
txn_a4219e9c5dab,user_000156,2025-03-23T08:49:51,92650.42,92650.42,0.0,refunded,airtel_money
txn_16402a2fcaca,user_000003,2025-01-22T22:44:34,21812.36,21812.36,0.0,shipped,mtn_momo
txn_6fa7cfb2c62e,user_000228,2025-03-16T13:41:48,65383.2,65383.2,0.0,completed,airtel_money
txn_90beefc622b9,user_000051,2025-02-25T16:15:55,10112.12,11707.66,1595.54,processing,cash
txn_c814d7f847a7,user_000376,2025-02-05T22:01:26,10370.13,10600.84,230.71,processing,cash
txn_8af709391f20,user_000433,2025-01-13T21:46:51,72063.64,72063.64,0.0,refunded,cash
txn_d379120437ba,user_000395,2025-03-17T07:54:21,12776.94,12776.94,0.0,refunded,bank_transfer
txn_cafd01272a2f,user_000321,2025-02-21T16:56:16,7371.56,7940.52,568.96,completed,cash
txn_c8538bb88309,user_000259,2025-02-01T02:29:25,53581.65,53581.65,0.0,shipped,mtn_momo
txn_dc335a08e106,user_000208,2025-03-22T16:57:41,71503.46,71503.46,0.0,shipped,airtel_money
txn_04ed210de229,user_000431,2025-01-17T18:12:36,11875.21,11875.21,0.0,processing,airtel_money
txn_39ea9c7cad39,user_000056,2025-02-28T15:33:05,92689.22,92689.22,0.0,shipped,mtn_momo
txn_3bce55676054,user_000243,2025-03-08T21:48:37,47983.26,47983.26,0.0,processing,visa_card
txn_924eee590a22,user_000161,2025-03-24T06:05:50,15686.21,17748.76,2062.55,processing,airtel_money
txn_c57d0e5693b4,user_000059,2025-01-26T22:56:28,15849.13,18307.95,2458.82,shipped,cash
txn_e0766d618ed7,user_000314,2025-03-16T03:27:34,96381.68,96381.68,0.0,completed,airtel_money
txn_4f59d56097b0,user_000277,2025-02-17T12:13:44,9958.7,9958.7,0.0,shipped,airtel_money
txn_9a36a7efd55f,user_000164,2025-02-13T19:13:02,13071.08,15313.5,2242.42,shipped,cash
txn_b4347f7901e5,user_000206,2025-03-13T20:46:30,22418.6,22418.6,0.0,shipped,visa_card
txn_8b5ad4dfbe00,user_000302,2025-01-21T18:34:23,2123.32,2123.32,0.0,completed,cash
txn_57506225016f,user_000220,2025-02-20T17:17:05,31743.84,31743.84,0.0,refunded,cash
txn_0964e7433387,user_000012,2025-01-15T18:42:47,57289.04,57289.04,0.0,refunded,visa_card
txn_c49813ff1867,user_000095,2025-02-19T05:37:05,47280.44,47280.44,0.0,refunded,mtn_momo
txn_d76ee88a77b7,user_000439,2025-02-18T12:05:50,10231.55,11285.28,1053.73,processing,cash
txn_0c73045b9d5f,user_000412,2025-03-03T04:46:20,50999.1,50999.1,0.0,refunded,visa_card
txn_8d7629eab8a4,user_000345,2025-03-19T10:52:24,6541.42,6541.42,0.0,refunded,visa_card
txn_b1a06ca78d12,user_000118,2025-01-01T02:52:59,14039.08,14039.08,0.0,completed,cash
txn_19294e0f3daa,user_000063,2025-03-17T15:52:57,11412.16,11412.16,0.0,processing,visa_card
txn_1818e75ab777,user_000495,2025-02-20T18:19:45,142322.82,142322.82,0.0,completed,mtn_momo
txn_f9bf919622d7,user_000020,2025-03-28T08:56:34,11361.21,11361.21,0.0,processing,airtel_money
txn_620619eaaa98,user_000156,2025-01-13T14:22:47,11264.98,11264.98,0.0,shipped,airtel_money
txn_3d6d15e8d8ff,user_000141,2025-03-25T12:22:53,4467.48,4467.48,0.0,shipped,visa_card
txn_2fe312818a35,user_000182,2025-01-26T17:30:31,8835.87,9465.21,629.34,shipped,airtel_money
txn_43f5d44eae0a,user_000038,2025-01-04T06:30:46,6894.44,6894.44,0.0,processing,cash
txn_b998daf353a3,user_000139,2025-01-27T02:34:41,84117.79,84117.79,0.0,shipped,cash
txn_7549fdb7c122,user_000142,2025-03-08T23:01:10,22128.12,22128.12,0.0,completed,airtel_money
txn_0123ef601bf2,user_000354,2025-02-28T18:19:18,38365.16,38365.16,0.0,shipped,mtn_momo
txn_b3e1e4d45148,user_000216,2025-02-18T04:17:19,50891.24,50891.24,0.0,refunded,mtn_momo
txn_794ea5d062e4,user_000267,2025-03-14T00:35:05,32747.02,32747.02,0.0,shipped,airtel_money
txn_60abdd4bb7ac,user_000273,2025-01-21T01:09:37,46868.9,51508.76,4639.86,completed,cash
txn_47dc8ad8fc6e,user_000203,2025-03-18T02:31:11,52555.44,52555.44,0.0,refunded,visa_card
txn_a3728493a76b,user_000430,2025-03-26T13:37:25,49684.13,49684.13,0.0,completed,mtn_momo
txn_21fffdb6857e,user_000094,2025-03-25T01:58:02,81875.97,81875.97,0.0,processing,cash
txn_b770e09075d7,user_000332,2025-01-11T09:50:16,31250.46,31250.46,0.0,refunded,bank_transfer
txn_25405cfda89d,user_000132,2025-01-16T20:08:23,121178.52,121178.52,0.0,shipped,visa_card
txn_efdbfb9a342c,user_000439,2025-03-28T08:08:38,59028.17,62950.15,3921.98,refunded,bank_transfer
txn_07bd4a708608,user_000294,2025-02-03T10:08:27,16142.72,16142.72,0.0,completed,cash
txn_c0c3758de95c,user_000112,2025-03-03T12:21:01,45170.44,45270.78,100.34,refunded,bank_transfer
txn_bc662cdb4e16,user_000479,2025-01-28T15:36:55,2012.38,2070.56,58.18,completed,cash
txn_6586b5a418f1,user_000327,2025-03-14T17:24:55,18573.06,18573.06,0.0,processing,visa_card
txn_9dde2d12a029,user_000385,2025-03-15T15:57:40,72063.64,72063.64,0.0,completed,airtel_money
txn_66a3dcd6c76a,user_000452,2025-01-04T12:48:39,6800.63,7980.34,1179.71,refunded,visa_card
txn_f2110dfafbf9,user_000083,2025-02-04T03:22:59,7424.94,8555.59,1130.65,processing,mtn_momo
txn_b99eb5faeccc,user_000472,2025-03-19T08:22:49,23771.51,25773.12,2001.61,shipped,visa_card
txn_defded4d3760,user_000137,2025-01-07T23:16:30,33894.38,34733.08,838.7,processing,mtn_momo
txn_5f3fe95dd465,user_000239,2025-02-18T14:36:22,8285.22,8285.22,0.0,shipped,bank_transfer
txn_7ae493123be0,user_000469,2025-02-06T08:12:43,8164.8,8164.8,0.0,shipped,airtel_money
txn_2c8ffc2e05b5,user_000260,2025-02-25T12:55:41,29634.4,29634.4,0.0,refunded,mtn_momo
txn_fd40d8ec2021,user_000439,2025-01-30T16:05:26,120943.19,122513.48,1570.29,refunded,visa_card
txn_a187f771b782,user_000337,2025-01-18T19:52:06,10134.01,11897.5,1763.49,shipped,visa_card
txn_a4edffa86373,user_000340,2025-02-01T17:17:39,19030.64,19030.64,0.0,completed,airtel_money
txn_e08308e57db5,user_000466,2025-01-18T22:56:10,49845.35,56134.59,6289.24,completed,mtn_momo
txn_160a396344b8,user_000240,2025-02-09T17:05:16,65687.27,69457.71,3770.44,completed,mtn_momo
txn_e5d92c03d80f,user_000060,2025-03-12T11:56:45,8821.66,8821.66,0.0,refunded,mtn_momo
txn_2371e26533a0,user_000341,2025-01-30T02:40:07,48186.24,48186.24,0.0,refunded,bank_transfer
txn_1be3c50a86bc,user_000194,2025-01-29T04:27:31,30039.14,30039.14,0.0,shipped,bank_transfer
txn_0964eaa2f805,user_000077,2025-01-11T18:29:31,22655.35,22655.35,0.0,refunded,visa_card
txn_4cb443eaa600,user_000062,2025-01-03T04:34:04,35589.54,35589.54,0.0,refunded,cash
txn_bf280f92f2b6,user_000012,2025-03-25T11:44:35,31954.16,31954.16,0.0,shipped,cash
txn_0ced15016965,user_000249,2025-01-30T03:37:25,7384.76,7421.67,36.91,processing,visa_card
txn_a4985b1828b3,user_000420,2025-01-28T01:49:37,18855.37,18855.37,0.0,processing,mtn_momo
txn_9bcc0fcf7145,user_000450,2025-02-12T22:15:09,52108.22,60395.78,8287.56,processing,cash
txn_97a13bad516f,user_000433,2025-01-21T04:54:36,13736.47,13736.47,0.0,shipped,airtel_money
txn_128334845dc4,user_000457,2025-03-01T01:38:30,57125.8,57125.8,0.0,refunded,bank_transfer
txn_8365e98aec2c,user_000238,2025-02-13T09:23:47,53091.48,53091.48,0.0,processing,airtel_money
txn_bacd91d75db4,user_000141,2025-03-10T07:58:14,20100.65,23415.32,3314.67,shipped,airtel_money
txn_436b3fdf851f,user_000452,2025-01-21T20:46:34,118746.49,121059.72,2313.23,processing,cash
txn_5d8014077b34,user_000090,2025-01-14T07:40:11,20717.78,23002.35,2284.57,processing,bank_transfer
txn_57d44ae806c3,user_000152,2025-03-21T06:16:59,21172.59,21172.59,0.0,refunded,mtn_momo
txn_a691cd246ec6,user_000100,2025-01-05T11:25:33,21201.68,21201.68,0.0,shipped,bank_transfer
txn_4cfcf22dd1f1,user_000457,2025-02-26T20:11:52,5591.6,5591.6,0.0,completed,mtn_momo
txn_d56f47b2982b,user_000463,2025-02-16T17:33:59,122715.6,122715.6,0.0,refunded,cash
txn_4b826850c435,user_000036,2025-02-15T14:47:07,36333.24,36333.24,0.0,shipped,cash
txn_08dbfb64ab9c,user_000354,2025-01-30T08:48:31,54468.88,54468.88,0.0,shipped,cash
txn_4413c3e8ca6e,user_000262,2025-02-06T00:51:29,13385.72,13385.72,0.0,processing,airtel_money
txn_5c9a6f7e88e4,user_000295,2025-03-21T14:30:41,18141.98,18141.98,0.0,processing,visa_card
txn_27e3735ba632,user_000427,2025-03-01T13:46:30,110331.72,110331.72,0.0,shipped,cash
txn_aedca465fba3,user_000331,2025-03-29T22:23:21,64733.44,64733.44,0.0,completed,cash
txn_2074eee818d9,user_000425,2025-02-07T10:30:58,27586.28,28491.14,904.86,completed,visa_card
txn_35180e86e1da,user_000283,2025-01-25T07:44:39,58318.6,63760.43,5441.83,shipped,cash
txn_eadf01888ae7,user_000309,2025-01-16T02:46:17,46959.18,52227.22,5268.04,processing,airtel_money
txn_b712f2b4ae2b,user_000407,2025-02-01T03:18:13,99630.12,99630.12,0.0,shipped,airtel_money
txn_b4365ae2c36f,user_000256,2025-03-01T04:29:31,56845.26,65304.14,8458.88,shipped,airtel_money
txn_8d5148b8b83f,user_000249,2025-01-18T07:03:21,7525.4,7525.4,0.0,shipped,airtel_money
txn_4ed3a530b0f0,user_000083,2025-01-02T13:44:45,99297.52,99297.52,0.0,completed,mtn_momo
txn_397681069aa0,user_000358,2025-03-01T17:06:15,15658.38,17309.45,1651.07,shipped,airtel_money
txn_00b3775e900f,user_000405,2025-03-10T03:22:16,31743.84,31743.84,0.0,refunded,bank_transfer
txn_dd677edf4f3d,user_000207,2025-02-12T09:31:45,1447.45,1447.45,0.0,refunded,bank_transfer
txn_7e654214de73,user_000110,2025-03-18T07:36:06,42666.33,42666.33,0.0,refunded,mtn_momo
txn_cb6a84e61846,user_000268,2025-01-26T08:25:13,67089.06,74187.22,7098.16,completed,bank_transfer
txn_75bcdf5ea2ff,user_000368,2025-03-19T08:22:23,58951.0,58951.0,0.0,processing,airtel_money
txn_22c1d06c1218,user_000428,2025-02-19T10:57:28,32609.3,32747.02,137.72,shipped,bank_transfer
txn_5df382a6ccbe,user_000198,2025-02-28T22:47:45,120601.28,120601.28,0.0,shipped,visa_card
txn_fe869d28bb02,user_000268,2025-02-21T23:15:59,1363.79,1363.79,0.0,completed,visa_card
txn_d86e1c8f6706,user_000201,2025-03-19T22:00:18,18825.75,19113.24,287.49,refunded,visa_card
txn_af96cf852636,user_000415,2025-01-22T13:32:56,43511.88,46526.37,3014.49,completed,visa_card
txn_bff5072b515d,user_000014,2025-02-17T21:05:34,78477.15,78477.15,0.0,refunded,airtel_money
txn_b8e20a052ea4,user_000180,2025-01-31T19:10:20,9936.64,9936.64,0.0,refunded,visa_card
txn_a4a34f4ff52b,user_000077,2025-01-10T04:56:54,749.27,817.9,68.63,completed,mtn_momo
txn_f55eac3a39c5,user_000416,2025-03-29T08:36:39,54719.52,54719.52,0.0,refunded,cash
txn_7ae2d48d07e4,user_000239,2025-02-01T06:18:08,21766.95,22722.42,955.47,processing,cash
txn_50ce50a64674,user_000056,2025-03-11T22:27:19,35074.41,35074.41,0.0,refunded,visa_card
txn_da1ce5d79127,user_000221,2025-02-21T17:49:22,13338.96,13338.96,0.0,refunded,bank_transfer
txn_8072396003a6,user_000210,2025-03-15T02:53:06,34166.6,34166.6,0.0,processing,cash
txn_5fea92f8cbd3,user_000033,2025-02-08T15:07:15,61505.52,61505.52,0.0,shipped,mtn_momo
txn_da357f9e7887,user_000114,2025-01-16T15:30:38,10485.1,10485.1,0.0,refunded,airtel_money
txn_aaa9be7a01ff,user_000393,2025-01-29T16:12:24,15334.9,15334.9,0.0,processing,cash
txn_42de7d6a63cc,user_000457,2025-01-25T06:39:09,57251.75,57251.75,0.0,shipped,bank_transfer
txn_ffa63c6a4d2c,user_000383,2025-02-21T07:59:05,22418.6,22418.6,0.0,processing,bank_transfer
txn_eabbd794c8be,user_000095,2025-03-11T02:32:36,28780.38,28780.38,0.0,processing,airtel_money
txn_3838ce93cfb4,user_000351,2025-01-25T08:29:20,75204.0,80675.96,5471.96,shipped,visa_card
txn_001aeccd7612,user_000447,2025-01-11T18:10:39,114092.78,115990.72,1897.94,refunded,cash
txn_659c860489f9,user_000052,2025-03-07T18:55:10,4853.13,4853.13,0.0,shipped,bank_transfer
txn_4a9e50451fae,user_000185,2025-01-06T21:12:26,65908.98,65908.98,0.0,completed,visa_card
txn_8fb5cc216e0a,user_000322,2025-02-13T10:49:00,46052.73,46961.98,909.25,shipped,bank_transfer
txn_ee827c3102e3,user_000438,2025-02-18T21:36:06,12366.48,12366.48,0.0,processing,mtn_momo
txn_8066315a1fd6,user_000013,2025-02-16T21:20:16,8781.78,8781.78,0.0,shipped,bank_transfer
txn_1e88259f98b2,user_000427,2025-03-24T12:23:14,47741.06,47741.06,0.0,shipped,bank_transfer
txn_81fa0375b087,user_000470,2025-03-28T00:05:01,87113.92,94062.85,6948.93,processing,mtn_momo
txn_d2d715b0c102,user_000412,2025-01-02T10:59:44,41859.3,41859.3,0.0,shipped,cash
txn_1727d58db687,user_000211,2025-01-12T17:34:11,91327.76,91327.76,0.0,refunded,cash
txn_253cecb62863,user_000407,2025-01-18T23:41:05,60716.93,60716.93,0.0,completed,airtel_money
txn_232e06aee5ae,user_000277,2025-01-18T07:00:44,65243.25,65243.25,0.0,shipped,mtn_momo
txn_eddb26a8f3bf,user_000212,2025-03-30T12:58:22,10682.26,10682.26,0.0,shipped,mtn_momo
txn_8e3f602e95a4,user_000321,2025-02-07T17:16:59,25409.72,26158.66,748.94,refunded,mtn_momo
txn_7b7ff49634b3,user_000294,2025-01-12T09:23:41,65667.05,65667.05,0.0,completed,mtn_momo
txn_af4a4c8b6a82,user_000026,2025-03-22T00:25:23,67731.75,67731.75,0.0,completed,airtel_money
txn_9d052e47f702,user_000148,2025-03-06T23:58:40,9217.83,9217.83,0.0,shipped,airtel_money
txn_629876aad745,user_000331,2025-02-19T22:48:03,62034.42,67538.16,5503.74,processing,mtn_momo
txn_90ef0a9d8281,user_000035,2025-02-21T05:11:10,16389.15,16389.15,0.0,refunded,mtn_momo
txn_6f1c09af66c3,user_000486,2025-01-27T10:51:24,49270.44,49270.44,0.0,completed,cash
txn_449807aab66a,user_000291,2025-03-27T17:03:51,110102.75,110102.75,0.0,refunded,mtn_momo
txn_e1abb68c9f51,user_000201,2025-02-28T16:27:14,44414.88,48773.88,4359.0,processing,bank_transfer
txn_bca2b0aa53df,user_000416,2025-02-01T20:53:26,7413.63,8071.36,657.73,refunded,cash
txn_26feb798424a,user_000334,2025-01-24T17:39:23,36646.28,36646.28,0.0,processing,cash
txn_5e88f850e872,user_000174,2025-02-19T02:08:57,55330.12,55330.12,0.0,shipped,cash
txn_7b18202bc495,user_000053,2025-02-20T04:21:10,19497.08,19497.08,0.0,refunded,mtn_momo
txn_efa9c2dfc6c8,user_000284,2025-03-30T02:29:35,7425.21,7425.21,0.0,processing,cash
txn_a8d499e80fa9,user_000322,2025-01-12T11:20:54,33139.71,38958.36,5818.65,processing,bank_transfer
txn_b38631312124,user_000090,2025-02-17T21:28:14,63332.25,63332.25,0.0,refunded,airtel_money
txn_2293f82a097a,user_000393,2025-02-02T06:28:24,43361.25,44456.78,1095.53,processing,mtn_momo
txn_cf84f9e5e3da,user_000422,2025-02-03T11:23:28,28785.66,29423.18,637.52,refunded,visa_card
txn_aebd2bbc2926,user_000019,2025-03-10T07:14:50,15920.86,15920.86,0.0,refunded,visa_card
txn_9f01196530fd,user_000054,2025-01-03T21:01:13,45964.62,45964.62,0.0,completed,mtn_momo
txn_3df4585aaa3d,user_000212,2025-02-07T04:16:09,17748.76,17748.76,0.0,processing,bank_transfer
txn_3a786a99d0bd,user_000403,2025-03-22T05:33:57,46065.52,46065.52,0.0,refunded,mtn_momo
txn_1c560ae0ce0b,user_000396,2025-01-31T10:19:41,10879.2,10879.2,0.0,processing,airtel_money
txn_bd7aebbb4101,user_000326,2025-02-20T22:32:39,50822.62,50822.62,0.0,shipped,cash
txn_e7ff90732b7a,user_000321,2025-02-27T05:08:06,1489.16,1489.16,0.0,completed,visa_card
txn_ba43f3a8b071,user_000272,2025-01-28T15:25:52,12126.37,13988.49,1862.12,shipped,bank_transfer
txn_d49814c346d6,user_000034,2025-02-12T15:09:47,36319.5,36319.5,0.0,refunded,airtel_money
txn_a74abcce2e44,user_000031,2025-01-16T04:33:31,48149.64,51164.34,3014.7,shipped,mtn_momo
