transaction_id,user_id,session_id,timestamp,date,year,month,month_name,subtotal_rwf,discount_rwf,total_rwf,payment_method,status,item_count
txn_9273055802d4,user_000297,sess_63b7898704,2025-01-30T05:45:40,2025-01-30,2025,1,January,66068.75,7126.43,58942.32,bank_transfer,completed,3
txn_bed45b06d3c2,user_000070,sess_3925d52ab5,2025-03-09T09:49:31,2025-03-09,2025,3,March,9970.4,436.48,9533.92,visa_card,processing,1
txn_311d17c78827,user_000200,sess_5bac3fae46,2025-03-30T20:32:34,2025-03-30,2025,3,March,9302.19,0.0,9302.19,mtn_momo,completed,1
txn_044437883d56,user_000123,sess_0068064124,2025-03-07T12:01:09,2025-03-07,2025,3,March,61419.16,0.0,61419.16,visa_card,shipped,3
txn_201b2f314e88,user_000323,sess_da60361fa3,2025-03-17T12:20:21,2025-03-17,2025,3,March,2727.03,0.0,2727.03,mtn_momo,completed,1
txn_5bd6c6b3e9c0,user_000180,sess_10b24eea00,2025-02-19T02:24:24,2025-02-19,2025,2,February,6372.24,0.0,6372.24,airtel_money,refunded,1
txn_dd0d2ab60f4f,user_000349,sess_bb3ee7cbb1,2025-03-21T06:50:13,2025-03-21,2025,3,March,17655.95,0.0,17655.95,bank_transfer,refunded,1
txn_06e18c151fd7,user_000131,sess_ae5467233b,2025-03-26T08:33:09,2025-03-26,2025,3,March,18662.23,2723.14,15939.09,bank_transfer,refunded,1
txn_95a5c1d50592,user_000309,sess_c6f64b9d97,2025-01-07T22:58:57,2025-01-07,2025,1,January,140719.61,0.0,140719.61,cash,refunded,3
txn_c2300a8ebe56,user_000081,sess_0c631ffe20,2025-03-17T02:18:08,2025-03-17,2025,3,March,43274.76,0.0,43274.76,cash,shipped,2
txn_a8fcd1f9668f,user_000326,sess_d967e9aeb0,2025-03-03T12:05:47,2025-03-03,2025,3,March,64027.74,0.0,64027.74,mtn_momo,completed,2
txn_b4b80b528428,user_000311,sess_a8871d77a6,2025-01-12T04:32:51,2025-01-12,2025,1,January,17847.69,0.0,17847.69,airtel_money,refunded,1
txn_70a306fdc525,user_000016,sess_0792951a6d,2025-02-17T15:45:07,2025-02-17,2025,2,February,129803.1,17535.26,112267.84,cash,refunded,3
txn_d84b0733f7be,user_000413,sess_272d674fdd,2025-03-09T17:46:30,2025-03-09,2025,3,March,23451.18,1521.48,21929.7,bank_transfer,shipped,2
txn_f6eb19a22ca5,user_000193,sess_583fa7d281,2025-03-15T17:01:36,2025-03-15,2025,3,March,42194.13,0.0,42194.13,bank_transfer,completed,1
txn_9e201f6785dd,user_000024,sess_c79c2fa951,2025-01-30T13:08:57,2025-01-30,2025,1,January,30523.38,0.0,30523.38,airtel_money,processing,1
txn_13e89b31b3cd,user_000036,sess_da8ee34a13,2025-03-04T03:50:15,2025-03-04,2025,3,March,1001.85,0.0,1001.85,mtn_momo,processing,1
txn_85064de8730f,user_000341,sess_d0c187b976,2025-03-16T11:24:41,2025-03-16,2025,3,March,31015.08,3419.21,27595.87,bank_transfer,processing,2
txn_ac3e2698c020,user_000178,sess_ea54e98f9a,2025-03-29T02:52:16,2025-03-29,2025,3,March,30516.08,2554.22,27961.86,bank_transfer,refunded,1
txn_9200925888d5,user_000495,sess_1677bc7c77,2025-02-24T21:26:24,2025-02-24,2025,2,February,41987.72,0.0,41987.72,airtel_money,completed,1
txn_6e587c036cab,user_000431,sess_4950256d74,2025-01-14T18:11:25,2025-01-14,2025,1,January,87842.62,3511.54,84331.08,visa_card,completed,3
txn_5dece6437ee4,user_000295,sess_22c19705b5,2025-01-17T07:09:35,2025-01-17,2025,1,January,7223.65,0.0,7223.65,bank_transfer,refunded,1
txn_7d850d89478f,user_000426,sess_a813acb26c,2025-02-27T20:19:48,2025-02-27,2025,2,February,8781.78,0.0,8781.78,visa_card,processing,1
txn_48b7b35d3dd2,user_000294,sess_5814c35d04,2025-01-26T20:31:41,2025-01-26,2025,1,January,15301.51,0.0,15301.51,visa_card,shipped,2
txn_8378c7df23b0,user_000094,sess_5431e4bf91,2025-01-15T16:26:40,2025-01-15,2025,1,January,58632.94,1055.01,57577.93,cash,completed,2
txn_da1f85f20591,user_000221,sess_f79c24cf46,2025-01-15T23:26:27,2025-01-15,2025,1,January,43696.8,0.0,43696.8,mtn_momo,refunded,3
txn_b5e1bdbbfdff,user_000158,sess_536de643d0,2025-02-23T09:35:51,2025-02-23,2025,2,February,3530.03,0.0,3530.03,airtel_money,shipped,1
txn_6cc553d26ed6,user_000152,sess_f7f5c8dcca,2025-02-05T14:30:17,2025-02-05,2025,2,February,47571.98,0.0,47571.98,visa_card,processing,2
txn_bf89e1efbba8,user_000371,sess_1ad9ca39a2,2025-01-03T14:09:37,2025-01-03,2025,1,January,36186.93,0.0,36186.93,cash,refunded,2
txn_7e0af71efce6,user_000342,sess_d193aba330,2025-01-01T07:08:56,2025-01-01,2025,1,January,51928.35,0.0,51928.35,mtn_momo,processing,1
txn_a2364d234eef,user_000384,sess_4325f16674,2025-03-27T22:53:59,2025-03-27,2025,3,March,50270.15,300.29,49969.86,visa_card,shipped,2
txn_192a325f5aae,user_000073,sess_90c0f1641f,2025-01-29T14:28:54,2025-01-29,2025,1,January,49697.4,0.0,49697.4,cash,processing,1
txn_bb04eab259c5,user_000083,sess_e63b15e685,2025-01-30T20:39:10,2025-01-30,2025,1,January,38373.84,4756.16,33617.68,visa_card,processing,1
txn_7b9d11aa8b9a,user_000383,sess_d4dbb931d4,2025-02-27T22:57:32,2025-02-27,2025,2,February,11716.97,0.0,11716.97,airtel_money,completed,1
txn_1d32695b46a2,user_000339,sess_684afef58d,2025-01-16T02:23:42,2025-01-16,2025,1,January,34396.04,0.0,34396.04,bank_transfer,shipped,1
txn_71dac4b9e6d2,user_000219,sess_312f98cb70,2025-03-27T04:02:09,2025-03-27,2025,3,March,3005.55,0.0,3005.55,cash,shipped,1
txn_6bc0e2dab2bb,user_000124,sess_ed31cbfe58,2025-01-30T08:43:22,2025-01-30,2025,1,January,8015.68,949.98,7065.7,mtn_momo,refunded,1
txn_60657259129f,user_000423,sess_8049df0ffe,2025-03-11T10:35:54,2025-03-11,2025,3,March,54340.47,0.0,54340.47,mtn_momo,processing,1
txn_c072c033423d,user_000038,sess_13e5bba885,2025-01-14T10:03:15,2025-01-14,2025,1,January,10277.26,0.0,10277.26,cash,completed,1
txn_511103332fbf,user_000286,sess_93a231e27d,2025-01-05T02:43:58,2025-01-05,2025,1,January,8335.41,0.0,8335.41,bank_transfer,processing,1
txn_91f80382f303,user_000185,sess_57cc5479ed,2025-03-24T11:20:50,2025-03-24,2025,3,March,49270.44,0.0,49270.44,airtel_money,shipped,1
txn_209f5ea877ff,user_000057,sess_f9191203d7,2025-03-30T10:18:32,2025-03-30,2025,3,March,38107.47,0.0,38107.47,airtel_money,processing,3
txn_53a8d23ac34b,user_000179,sess_aa735847c4,2025-02-20T21:52:27,2025-02-20,2025,2,February,44616.22,0.0,44616.22,bank_transfer,completed,2
txn_c0df04777aa8,user_000375,sess_459a34ba3d,2025-02-28T16:25:41,2025-02-28,2025,2,February,147060.59,0.0,147060.59,bank_transfer,processing,3
txn_d81740d23f02,user_000257,sess_cd35daf7fd,2025-02-25T18:07:46,2025-02-25,2025,2,February,34694.11,0.0,34694.11,mtn_momo,shipped,2
txn_c43aadf48b55,user_000433,sess_eee92ac2e6,2025-02-15T19:35:31,2025-02-15,2025,2,February,42395.04,4529.03,37866.01,bank_transfer,refunded,1
txn_0f09b227a1b0,user_000011,sess_d2a032bfd9,2025-02-08T21:09:37,2025-02-08,2025,2,February,12707.6,0.0,12707.6,visa_card,refunded,1
txn_16b27777e3e4,user_000356,sess_dd8159da36,2025-02-16T20:31:06,2025-02-16,2025,2,February,102791.56,0.0,102791.56,bank_transfer,refunded,2
txn_62bdc049f01f,user_000107,sess_9c178e0704,2025-03-01T02:11:08,2025-03-01,2025,3,March,50283.04,7040.15,43242.89,mtn_momo,refunded,2
txn_f178edddf1e7,user_000423,sess_dd250abfb8,2025-02-18T13:43:20,2025-02-18,2025,2,February,69037.5,0.0,69037.5,cash,completed,2
txn_ee0a89da0ea0,user_000462,sess_23aaa9ca03,2025-01-02T18:09:40,2025-01-02,2025,1,January,3047.16,302.54,2744.62,visa_card,refunded,1
txn_cfc10e4ed17c,user_000306,sess_6d66aaf7e9,2025-02-23T04:38:49,2025-02-23,2025,2,February,59847.22,0.0,59847.22,mtn_momo,completed,2
txn_78b6afa8f634,user_000494,sess_fe0c6aee65,2025-03-28T11:42:47,2025-03-28,2025,3,March,58273.77,0.0,58273.77,cash,shipped,1
txn_eb618fa0171f,user_000261,sess_b1cc691069,2025-02-14T22:08:39,2025-02-14,2025,2,February,31794.26,0.0,31794.26,cash,shipped,2
txn_5b16c3af626f,user_000296,sess_0caefadcef,2025-01-19T00:27:09,2025-01-19,2025,1,January,18277.89,0.0,18277.89,cash,shipped,2
txn_0d0137811f64,user_000028,sess_1410d19045,2025-02-28T10:03:33,2025-02-28,2025,2,February,63618.8,0.0,63618.8,mtn_momo,shipped,1
txn_4c1b13769193,user_000316,sess_8f71d08501,2025-03-09T13:03:09,2025-03-09,2025,3,March,17450.84,0.0,17450.84,bank_transfer,refunded,1
txn_eccf0e5c4b83,user_000345,sess_c084ca8b8b,2025-01-18T04:00:05,2025-01-18,2025,1,January,13153.86,0.0,13153.86,cash,processing,1
txn_8bbb953a9b9a,user_000232,sess_069ea8208b,2025-01-26T19:47:25,2025-01-26,2025,1,January,24357.92,0.0,24357.92,bank_transfer,refunded,2
txn_ce992a9b3237,user_000489,sess_fba80aa830,2025-01-21T15:51:29,2025-01-21,2025,1,January,90078.66,0.0,90078.66,cash,refunded,3
txn_facf13aeda14,user_000330,sess_72a57d0e6d,2025-02-14T10:53:17,2025-02-14,2025,2,February,25530.83,0.0,25530.83,airtel_money,refunded,2
txn_a83db84d353f,user_000368,sess_31238fb16d,2025-01-18T01:57:00,2025-01-18,2025,1,January,11195.72,0.0,11195.72,mtn_momo,shipped,3
txn_9e5efa77f575,user_000269,sess_1164a4e865,2025-01-26T12:35:22,2025-01-26,2025,1,January,125077.0,0.0,125077.0,mtn_momo,completed,2
txn_ed4126772470,user_000168,sess_c0ffe97b9d,2025-01-10T01:41:14,2025-01-10,2025,1,January,99385.64,0.0,99385.64,airtel_money,processing,2
txn_2c7fd57d90c3,user_000354,sess_78a2ede0cb,2025-01-06T13:03:35,2025-01-06,2025,1,January,16106.0,0.0,16106.0,cash,completed,1
txn_ef1bc1e3c0f0,user_000333,sess_7ad1541520,2025-01-21T18:39:36,2025-01-21,2025,1,January,35760.58,0.0,35760.58,bank_transfer,refunded,1
txn_b2456dd61f86,user_000017,sess_b06146205f,2025-02-12T16:18:18,2025-02-12,2025,2,February,28605.78,0.0,28605.78,visa_card,processing,1
txn_898492197d53,user_000078,sess_723345e465,2025-03-28T16:07:50,2025-03-28,2025,3,March,77375.94,0.0,77375.94,mtn_momo,processing,3
txn_31daea900461,user_000222,sess_a168f681d4,2025-01-10T00:45:35,2025-01-10,2025,1,January,86056.44,7671.98,78384.46,visa_card,shipped,2
txn_b80a327e90c7,user_000202,sess_271bad42a1,2025-01-12T07:54:42,2025-01-12,2025,1,January,124915.92,0.0,124915.92,cash,refunded,2
txn_8c004eb3e8f8,user_000129,sess_b4f220e519,2025-02-08T10:41:29,2025-02-08,2025,2,February,36803.9,0.0,36803.9,visa_card,completed,1
txn_cba5654da778,user_000423,sess_5acd1e8fcf,2025-02-22T02:00:27,2025-02-22,2025,2,February,2694.12,0.0,2694.12,airtel_money,refunded,1
txn_c4381d007d98,user_000241,sess_32506e211f,2025-02-04T08:17:46,2025-02-04,2025,2,February,77698.36,4355.55,73342.81,cash,completed,1
txn_146ffc372484,user_000311,sess_cde843d003,2025-03-02T22:43:05,2025-03-02,2025,3,March,35904.4,0.0,35904.4,airtel_money,shipped,1
txn_e58d191c09f8,user_000058,sess_27c922efa3,2025-03-02T14:12:34,2025-03-02,2025,3,March,5819.43,0.0,5819.43,visa_card,completed,1
txn_9bca291ed983,user_000266,sess_5e30ac1609,2025-01-11T04:06:12,2025-01-11,2025,1,January,100891.59,10716.27,90175.32,airtel_money,shipped,3
txn_d0fc853799c7,user_000115,sess_9acecaae66,2025-02-11T06:08:36,2025-02-11,2025,2,February,59496.87,0.0,59496.87,airtel_money,shipped,3
txn_6f2a03be89bb,user_000409,sess_612ca83f3e,2025-01-31T15:17:13,2025-01-31,2025,1,January,50999.1,5345.57,45653.53,cash,processing,1
txn_748f9ee2ff7e,user_000380,sess_3237c05951,2025-03-26T03:18:12,2025-03-26,2025,3,March,19920.58,0.0,19920.58,mtn_momo,completed,1
txn_7d755efe81ec,user_000100,sess_974148a572,2025-01-04T02:54:48,2025-01-04,2025,1,January,3345.73,0.0,3345.73,bank_transfer,refunded,1
txn_54f446067375,user_000015,sess_6f625e7cea,2025-01-11T07:57:32,2025-01-11,2025,1,January,30516.08,0.0,30516.08,visa_card,refunded,1
txn_68b64c48ce5d,user_000008,sess_3c0992ac88,2025-03-27T22:20:17,2025-03-27,2025,3,March,11361.21,0.0,11361.21,visa_card,processing,1
txn_8329b82266bc,user_000326,sess_48634d9a6b,2025-02-01T08:49:02,2025-02-01,2025,2,February,36015.07,1450.0,34565.07,cash,refunded,2
txn_7c3376bcc76e,user_000417,sess_b4268b2538,2025-03-13T22:22:39,2025-03-13,2025,3,March,30157.36,0.0,30157.36,mtn_momo,refunded,2
txn_22aa0deaf7eb,user_000287,sess_58304994ad,2025-02-08T14:06:47,2025-02-08,2025,2,February,48715.73,5026.61,43689.12,visa_card,shipped,3
txn_90a4b93bf502,user_000221,sess_2fb40c4c81,2025-03-26T21:36:54,2025-03-26,2025,3,March,23750.42,0.0,23750.42,visa_card,refunded,1
txn_5ee32489de58,user_000356,sess_46f87689e2,2025-03-22T15:16:39,2025-03-22,2025,3,March,46428.24,5123.65,41304.59,cash,refunded,2
txn_4a712b3b12ce,user_000238,sess_85ff0fc7e1,2025-03-12T01:33:02,2025-03-12,2025,3,March,50801.02,0.0,50801.02,mtn_momo,completed,2
txn_0f08da5acb5a,user_000095,sess_9f2dba43c3,2025-02-28T17:58:28,2025-02-28,2025,2,February,55678.6,0.0,55678.6,visa_card,completed,2
txn_e7d252df9279,user_000372,sess_40f4f7ed45,2025-02-01T02:51:25,2025-02-01,2025,2,February,31863.84,0.0,31863.84,visa_card,shipped,1
txn_92a881ea09fb,user_000195,sess_d60c6cacb4,2025-02-12T01:08:08,2025-02-12,2025,2,February,8205.12,0.0,8205.12,bank_transfer,processing,1
txn_1e3c40887a9d,user_000376,sess_009113fd6d,2025-02-02T14:42:58,2025-02-02,2025,2,February,83096.1,1627.89,81468.21,mtn_momo,shipped,3
txn_546ff6c9a782,user_000083,sess_3caeb15c96,2025-03-22T14:12:11,2025-03-22,2025,3,March,66850.38,0.0,66850.38,visa_card,refunded,2
txn_ce70a15c3222,user_000057,sess_a47a6810c1,2025-03-25T09:41:48,2025-03-25,2025,3,March,46800.45,4492.82,42307.63,bank_transfer,processing,1
txn_d5faf617d87d,user_000067,sess_5c58ea3a8e,2025-01-06T19:01:00,2025-01-06,2025,1,January,46801.11,6509.17,40291.94,visa_card,processing,3
txn_039e34ae02ab,user_000251,sess_1676e2414b,2025-03-01T08:03:47,2025-03-01,2025,3,March,14815.76,0.0,14815.76,visa_card,processing,2
txn_ff10273f850a,user_000277,sess_facb6b2e99,2025-01-09T03:14:51,2025-01-09,2025,1,January,11860.38,2.53,11857.85,visa_card,processing,2
txn_b9281fa40575,user_000087,sess_d63b9fc314,2025-01-06T04:17:00,2025-01-06,2025,1,January,63647.12,0.0,63647.12,visa_card,shipped,2
txn_68bce8d7e234,user_000406,sess_9756486f87,2025-01-23T23:45:07,2025-01-23,2025,1,January,9059.95,0.0,9059.95,cash,refunded,1
txn_6a46914102a2,user_000243,sess_c7e4d26c0a,2025-03-20T04:59:59,2025-03-20,2025,3,March,50341.46,0.0,50341.46,cash,refunded,2
txn_bfecba3be13c,user_000195,sess_6a984ddf11,2025-01-12T03:02:45,2025-01-12,2025,1,January,34549.14,0.0,34549.14,visa_card,refunded,1
txn_3eef6186ab4f,user_000326,sess_5ae813bae8,2025-03-05T02:02:03,2025-03-05,2025,3,March,84365.6,0.0,84365.6,visa_card,completed,3
txn_cbd31fc7d512,user_000096,sess_2a3a2019fd,2025-01-17T19:47:57,2025-01-17,2025,1,January,12329.23,0.0,12329.23,bank_transfer,shipped,2
txn_d757dd7c233b,user_000115,sess_13d9afa543,2025-03-02T16:13:14,2025-03-02,2025,3,March,9935.58,0.0,9935.58,airtel_money,processing,2
txn_56b9d0c96423,user_000086,sess_1bddccaa02,2025-03-11T02:30:58,2025-03-11,2025,3,March,11457.7,0.0,11457.7,airtel_money,shipped,2
txn_bf06bb86f40f,user_000025,sess_697b51f2e4,2025-03-14T21:29:01,2025-03-14,2025,3,March,38463.62,0.0,38463.62,airtel_money,shipped,1
txn_dfe751587bb7,user_000342,sess_7e691fb10b,2025-01-22T02:36:11,2025-01-22,2025,1,January,17564.56,0.0,17564.56,bank_transfer,completed,2
txn_e1f8607d1e0f,user_000267,sess_7464b25ed0,2025-01-15T21:22:33,2025-01-15,2025,1,January,82176.88,0.0,82176.88,visa_card,processing,3
txn_d3e1e9a44994,user_000340,sess_3fe56bb1e5,2025-01-11T07:56:11,2025-01-11,2025,1,January,51449.01,0.0,51449.01,visa_card,completed,1
txn_e3e061c06d43,user_000161,sess_065fa88f4c,2025-03-08T03:58:17,2025-03-08,2025,3,March,39513.56,0.0,39513.56,airtel_money,completed,1
txn_fd03ed3e6027,user_000499,sess_0435f4fa94,2025-01-14T08:58:04,2025-01-14,2025,1,January,80776.96,0.0,80776.96,airtel_money,refunded,3
txn_dd211eba2ae4,user_000418,sess_3b7dee10f5,2025-01-24T06:43:44,2025-01-24,2025,1,January,80902.1,7404.79,73497.31,mtn_momo,shipped,3
txn_401fa8a4c484,user_000454,sess_4276de3a0e,2025-01-16T04:31:22,2025-01-16,2025,1,January,138622.95,9908.28,128714.67,visa_card,refunded,3
txn_b4cc56d3b36d,user_000298,sess_17bc8b0a5f,2025-01-13T16:53:26,2025-01-13,2025,1,January,77601.0,0.0,77601.0,bank_transfer,processing,1
txn_b236247b9616,user_000347,sess_13c45709de,2025-01-03T09:04:29,2025-01-03,2025,1,January,44958.11,0.0,44958.11,airtel_money,refunded,3
txn_7452f9d7e082,user_000171,sess_7b47e86f37,2025-01-09T10:09:53,2025-01-09,2025,1,January,5691.18,143.19,5547.99,bank_transfer,shipped,1
txn_f9c73a52a972,user_000349,sess_8af1ca6bb6,2025-01-30T22:31:42,2025-01-30,2025,1,January,15573.0,0.0,15573.0,visa_card,refunded,1
txn_f5da41ba84ce,user_000467,sess_080717f3f7,2025-03-05T05:10:45,2025-03-05,2025,3,March,35268.7,635.92,34632.78,mtn_momo,refunded,2
txn_433d6d2d500b,user_000264,sess_1ffbe5df92,2025-01-08T19:20:51,2025-01-08,2025,1,January,21095.52,904.9,20190.62,bank_transfer,shipped,1
txn_44c86c87fe76,user_000346,sess_0e0fae864c,2025-03-26T02:07:14,2025-03-26,2025,3,March,51765.99,0.0,51765.99,mtn_momo,shipped,2
txn_322cf6f7fb2e,user_000469,sess_af5778a8ea,2025-03-02T02:34:57,2025-03-02,2025,3,March,54168.04,0.0,54168.04,bank_transfer,refunded,2
txn_3d96f746c1cf,user_000112,sess_47f0f5dcd8,2025-02-18T13:29:05,2025-02-18,2025,2,February,20042.44,873.13,19169.31,cash,refunded,2
txn_a08df5da7f61,user_000389,sess_80f1acda02,2025-03-18T06:23:56,2025-03-18,2025,3,March,18375.54,0.0,18375.54,visa_card,shipped,1
txn_722069087e64,user_000191,sess_b597d50a6c,2025-01-10T06:43:00,2025-01-10,2025,1,January,98301.84,0.0,98301.84,mtn_momo,refunded,3
txn_f807206b1ed7,user_000359,sess_da3eece0e9,2025-01-17T04:56:33,2025-01-17,2025,1,January,68394.68,0.0,68394.68,bank_transfer,processing,1
txn_02d8eb8864ba,user_000070,sess_851472ab6c,2025-03-14T19:41:38,2025-03-14,2025,3,March,46281.38,0.0,46281.38,cash,refunded,3
txn_fdbd4675aa1c,user_000422,sess_3e9ce19e6c,2025-02-18T21:18:05,2025-02-18,2025,2,February,64861.42,0.0,64861.42,mtn_momo,shipped,3
txn_0f3190b0f596,user_000097,sess_cdb3039af8,2025-01-28T15:55:36,2025-01-28,2025,1,January,91795.56,0.0,91795.56,mtn_momo,refunded,3
txn_cd6688616b10,user_000118,sess_d57b0a2e0a,2025-01-09T23:02:24,2025-01-09,2025,1,January,105643.07,13076.03,92567.04,visa_card,processing,2
txn_a97162e14be1,user_000081,sess_3c9273a7ad,2025-03-19T13:27:09,2025-03-19,2025,3,March,53653.07,0.0,53653.07,bank_transfer,refunded,2
txn_27a3927dc567,user_000477,sess_b18a48af37,2025-02-06T07:57:01,2025-02-06,2025,2,February,15735.84,0.0,15735.84,bank_transfer,shipped,1
txn_5f06578f7571,user_000106,sess_9b8846dc5d,2025-03-22T22:58:34,2025-03-22,2025,3,March,8413.92,0.0,8413.92,visa_card,shipped,1
txn_383f3b4b7788,user_000360,sess_e7e0c032f9,2025-01-14T11:28:22,2025-01-14,2025,1,January,66244.16,0.0,66244.16,cash,processing,1
txn_5f322c4b8392,user_000107,sess_31b2c0ea3d,2025-01-06T09:56:02,2025-01-06,2025,1,January,15109.29,0.0,15109.29,cash,completed,1
txn_373aad7c0b55,user_000068,sess_5d1c064c00,2025-03-08T11:04:34,2025-03-08,2025,3,March,17952.1,0.0,17952.1,cash,completed,2
txn_f6881c67a657,user_000358,sess_e47db138b7,2025-02-23T18:22:06,2025-02-23,2025,2,February,66856.92,0.0,66856.92,visa_card,processing,2
txn_c728c3efacb8,user_000369,sess_bcb24e3d13,2025-03-28T17:20:30,2025-03-28,2025,3,March,72063.64,0.0,72063.64,cash,completed,1
txn_d77e9533b089,user_000318,sess_97be482ec1,2025-02-18T14:17:27,2025-02-18,2025,2,February,71988.44,0.0,71988.44,cash,completed,1
txn_c18c1ac4dee3,user_000462,sess_f738f785fe,2025-01-29T20:18:37,2025-01-29,2025,1,January,91465.3,0.0,91465.3,cash,processing,2
txn_77feda6fda8b,user_000329,sess_6fb8f45f5b,2025-01-16T03:54:13,2025-01-16,2025,1,January,6125.18,0.0,6125.18,visa_card,completed,1
txn_eaea18ef81d6,user_000387,sess_e9ae06b839,2025-03-23T22:09:52,2025-03-23,2025,3,March,46532.8,0.0,46532.8,visa_card,completed,3
txn_06bfb7f6fa14,user_000380,sess_005148594f,2025-03-12T14:15:56,2025-03-12,2025,3,March,3436.04,0.0,3436.04,cash,shipped,1
txn_1a293dbddc33,user_000181,sess_99d0d53d7e,2025-01-04T18:23:05,2025-01-04,2025,1,January,43735.31,1347.39,42387.92,visa_card,processing,2
txn_3e7605fb09db,user_000406,sess_fbb75047ca,2025-03-23T18:18:12,2025-03-23,2025,3,March,61926.68,6018.08,55908.6,mtn_momo,processing,3
txn_d8c56d54c22e,user_000229,sess_434366d84c,2025-01-22T03:26:58,2025-01-22,2025,1,January,105181.08,0.0,105181.08,bank_transfer,refunded,3
txn_6ca96b63397d,user_000134,sess_bf7fb4548c,2025-03-16T05:44:33,2025-03-16,2025,3,March,9823.44,0.0,9823.44,airtel_money,completed,1
txn_d51982c021d6,user_000136,sess_e089da6310,2025-02-24T06:38:01,2025-02-24,2025,2,February,18001.83,131.92,17869.91,mtn_momo,processing,1
txn_2aba7c1a1f74,user_000137,sess_e9f51b249f,2025-03-02T22:30:31,2025-03-02,2025,3,March,178825.42,0.0,178825.42,mtn_momo,processing,3
txn_693d33b8ae42,user_000499,sess_1a905fe9dc,2025-02-07T03:14:42,2025-02-07,2025,2,February,56261.0,5533.21,50727.79,cash,processing,1
txn_344509d342da,user_000070,sess_54b980a9d1,2025-01-11T07:24:50,2025-01-11,2025,1,January,47441.97,0.0,47441.97,mtn_momo,completed,1
txn_7cbb0b31557b,user_000284,sess_3829efe14d,2025-01-22T00:10:32,2025-01-22,2025,1,January,11169.2,744.21,10424.99,mtn_momo,refunded,1
txn_170c3a6525a1,user_000489,sess_7676996013,2025-01-31T15:14:09,2025-01-31,2025,1,January,100982.4,0.0,100982.4,mtn_momo,processing,3
txn_c30bd7090142,user_000181,sess_d12ad8ac69,2025-02-25T03:46:53,2025-02-25,2025,2,February,22674.0,0.0,22674.0,airtel_money,completed,2
txn_ce616394b23d,user_000173,sess_e426f65609,2025-02-15T05:43:21,2025-02-15,2025,2,February,66206.51,7848.28,58358.23,cash,processing,2
txn_a5dad0addc48,user_000204,sess_ac153db4ba,2025-01-09T23:32:52,2025-01-09,2025,1,January,80611.32,5693.49,74917.83,visa_card,shipped,2
txn_618fc5df838a,user_000077,sess_39f5df48cf,2025-03-27T02:41:06,2025-03-27,2025,3,March,52727.37,0.0,52727.37,cash,shipped,2
txn_062028d7f945,user_000202,sess_4630c4ab2f,2025-03-20T16:55:06,2025-03-20,2025,3,March,80196.33,0.0,80196.33,mtn_momo,processing,3
txn_6f79d88fdadc,user_000267,sess_d684d1d534,2025-01-19T10:11:41,2025-01-19,2025,1,January,12144.84,0.0,12144.84,mtn_momo,shipped,1
txn_ceee0cdb1595,user_000125,sess_c476ba3954,2025-03-17T09:44:09,2025-03-17,2025,3,March,36422.79,0.0,36422.79,mtn_momo,processing,1
txn_dd759f573c86,user_000226,sess_c1a70385f0,2025-02-28T03:43:31,2025-02-28,2025,2,February,35415.78,0.0,35415.78,airtel_money,shipped,1
txn_2af3ca2a4901,user_000283,sess_cfdd65567d,2025-01-11T05:00:26,2025-01-11,2025,1,January,27366.6,0.0,27366.6,visa_card,shipped,2
txn_7243ac05f7a9,user_000252,sess_eabcbfea67,2025-02-08T10:04:40,2025-02-08,2025,2,February,31649.94,0.0,31649.94,cash,shipped,1
txn_3f6917dc7e27,user_000369,sess_f397884f72,2025-02-27T08:14:01,2025-02-27,2025,2,February,35487.63,499.93,34987.7,airtel_money,processing,3
txn_2bc6f0138f7e,user_000277,sess_c05a7b4694,2025-02-11T19:16:46,2025-02-11,2025,2,February,18307.18,279.35,18027.83,visa_card,refunded,1
txn_5e44052474a9,user_000267,sess_8a2e0749fd,2025-02-23T01:20:30,2025-02-23,2025,2,February,27023.84,0.0,27023.84,mtn_momo,shipped,2
txn_6e3da2e2ce60,user_000420,sess_9e48b4e6c2,2025-01-13T03:35:15,2025-01-13,2025,1,January,29351.9,0.0,29351.9,visa_card,refunded,1
txn_9b73da7784f4,user_000095,sess_d95ad06e48,2025-02-24T19:54:37,2025-02-24,2025,2,February,18005.16,0.0,18005.16,visa_card,completed,1
txn_13b9083b3cf3,user_000204,sess_783e6fcefb,2025-03-12T08:50:44,2025-03-12,2025,3,March,15284.92,40.89,15244.03,mtn_momo,refunded,1
txn_6584a2943bd4,user_000044,sess_48fffc09e7,2025-01-27T00:47:46,2025-01-27,2025,1,January,27625.8,0.0,27625.8,visa_card,processing,1
txn_e02aba327de3,user_000245,sess_c91b2cbdc5,2025-03-17T22:55:57,2025-03-17,2025,3,March,65220.68,5770.88,59449.8,airtel_money,processing,3
txn_8bbee54bc3d4,user_000321,sess_ccd5b66f1d,2025-02-17T13:27:01,2025-02-17,2025,2,February,53123.67,0.0,53123.67,airtel_money,refunded,1
txn_3ff6f0b5c1fa,user_000259,sess_b00cd39e3d,2025-02-04T23:05:28,2025-02-04,2025,2,February,4874.84,664.31,4210.53,bank_transfer,refunded,1
txn_9e581059903e,user_000236,sess_fc308bb10d,2025-01-07T15:06:52,2025-01-07,2025,1,January,35415.78,0.0,35415.78,visa_card,shipped,1
txn_c861a91428ab,user_000074,sess_d8c54ee060,2025-02-03T05:21:08,2025-02-03,2025,2,February,5458.6,561.31,4897.29,mtn_momo,refunded,1
txn_c9badbe75f14,user_000417,sess_cbd79e5a52,2025-01-02T01:12:24,2025-01-02,2025,1,January,69236.16,0.0,69236.16,airtel_money,shipped,3
txn_b921e65af988,user_000330,sess_383409b0bd,2025-02-07T11:54:37,2025-02-07,2025,2,February,111018.76,0.0,111018.76,cash,shipped,2
txn_41666272b502,user_000331,sess_c00131ee3c,2025-02-23T17:47:03,2025-02-23,2025,2,February,14817.2,289.22,14527.98,visa_card,shipped,1
txn_e9973345a371,user_000374,sess_c640698c17,2025-02-22T12:34:14,2025-02-22,2025,2,February,19946.62,0.0,19946.62,airtel_money,shipped,1
txn_5a673666016d,user_000019,sess_f18d37385e,2025-01-27T14:22:44,2025-01-27,2025,1,January,18288.78,0.0,18288.78,cash,processing,2
txn_cb0b2be3fffd,user_000469,sess_d82ec7563b,2025-01-25T06:44:45,2025-01-25,2025,1,January,18119.9,0.0,18119.9,airtel_money,refunded,1
txn_16db771359da,user_000098,sess_b0a59a8cb6,2025-02-19T19:31:10,2025-02-19,2025,2,February,33684.36,4662.32,29022.04,bank_transfer,processing,1
txn_6551a5bc95a2,user_000059,sess_9e691bb0c4,2025-03-16T23:00:41,2025-03-16,2025,3,March,35091.48,4876.49,30214.99,bank_transfer,refunded,1
txn_55112a135897,user_000229,sess_06abdd9837,2025-01-08T05:59:30,2025-01-08,2025,1,January,21693.58,0.0,21693.58,airtel_money,shipped,1
txn_1e99eb8ffc83,user_000334,sess_361e6da9ea,2025-01-03T04:32:16,2025-01-03,2025,1,January,21172.59,358.2,20814.39,airtel_money,refunded,1
txn_06108cc92285,user_000377,sess_a6090269e7,2025-02-12T17:31:39,2025-02-12,2025,2,February,62260.08,0.0,62260.08,visa_card,completed,2
txn_b2788a2f63fe,user_000178,sess_47b4b2f908,2025-03-19T11:35:29,2025-03-19,2025,3,March,74918.24,0.0,74918.24,mtn_momo,shipped,3
txn_660c595a654b,user_000316,sess_ed3a2ed061,2025-02-13T18:40:16,2025-02-13,2025,2,February,66420.99,0.0,66420.99,bank_transfer,completed,2
txn_137af04563d0,user_000091,sess_72c546f811,2025-03-09T01:29:14,2025-03-09,2025,3,March,45625.12,719.61,44905.51,cash,completed,1
txn_fa7fc48ecd16,user_000311,sess_aba9650e73,2025-02-23T04:18:52,2025-02-23,2025,2,February,52935.04,0.0,52935.04,visa_card,refunded,1
txn_57c6532e455b,user_000054,sess_f0ddf4219d,2025-03-14T20:55:23,2025-03-14,2025,3,March,168112.0,0.0,168112.0,cash,refunded,3
txn_0dbc93f3c75f,user_000284,sess_2b900a0178,2025-03-24T21:57:26,2025-03-24,2025,3,March,14789.84,0.0,14789.84,airtel_money,refunded,2
txn_c22926e5e6a4,user_000288,sess_b7b40676d0,2025-03-13T01:15:52,2025-03-13,2025,3,March,22007.68,0.0,22007.68,mtn_momo,processing,2
txn_d60391dd2f37,user_000262,sess_9c7126576f,2025-03-22T07:04:19,2025-03-22,2025,3,March,37147.66,0.0,37147.66,bank_transfer,processing,2
txn_4e2bf6729747,user_000391,sess_789ce0e8ca,2025-02-01T05:06:55,2025-02-01,2025,2,February,59389.09,0.0,59389.09,visa_card,processing,2
txn_45fb8449b9b5,user_000088,sess_c90658a151,2025-02-16T00:05:04,2025-02-16,2025,2,February,81470.9,10528.57,70942.33,airtel_money,refunded,3
txn_f7d76c190778,user_000039,sess_75da49e354,2025-01-08T06:50:58,2025-01-08,2025,1,January,89843.78,2798.26,87045.52,cash,processing,2
txn_2bb381c0b259,user_000467,sess_6c8db6d38b,2025-02-07T23:10:52,2025-02-07,2025,2,February,96686.16,2135.28,94550.88,bank_transfer,processing,3
txn_b0a8b7770cb5,user_000444,sess_9a60143a70,2025-02-27T00:13:17,2025-02-27,2025,2,February,119572.48,0.0,119572.48,cash,completed,3
txn_e89ee80c7d8b,user_000103,sess_7d3bf17093,2025-03-28T12:11:06,2025-03-28,2025,3,March,77597.39,1850.78,75746.61,visa_card,processing,3
txn_c1d116495fc1,user_000164,sess_1b811face7,2025-01-26T01:37:58,2025-01-26,2025,1,January,37860.84,0.0,37860.84,bank_transfer,shipped,1
txn_f99fd9fac382,user_000077,sess_669e0fc0f4,2025-01-21T23:59:47,2025-01-21,2025,1,January,129510.45,0.0,129510.45,airtel_money,completed,3
txn_83a37ff8bfaf,user_000115,sess_8abfdd0f01,2025-02-25T19:59:01,2025-02-25,2025,2,February,4929.0,71.27,4857.73,airtel_money,processing,1
txn_a5ca3306c827,user_000199,sess_29647fe187,2025-03-02T20:23:42,2025-03-02,2025,3,March,67080.31,0.0,67080.31,visa_card,processing,2
txn_5df32121d3a9,user_000386,sess_e9956e7a3a,2025-02-09T08:39:11,2025-02-09,2025,2,February,35354.04,1654.45,33699.59,mtn_momo,shipped,2
txn_8ac569222296,user_000494,sess_4e4b65f81e,2025-02-05T02:38:34,2025-02-05,2025,2,February,32975.8,0.0,32975.8,mtn_momo,processing,2
txn_b016bba2d694,user_000218,sess_c1a16aadf0,2025-01-05T08:24:26,2025-01-05,2025,1,January,61248.63,9145.06,52103.57,visa_card,refunded,3
txn_76a77842b4c4,user_000457,sess_1f994a4c4d,2025-03-20T12:41:51,2025-03-20,2025,3,March,50921.7,3324.79,47596.91,bank_transfer,completed,3
txn_cbf458fcb36e,user_000217,sess_cf7279d0f0,2025-02-02T19:07:38,2025-02-02,2025,2,February,3922.15,582.46,3339.69,cash,processing,1
txn_2fa6d059eac6,user_000365,sess_1be15c72c8,2025-03-26T22:15:07,2025-03-26,2025,3,March,18990.72,0.0,18990.72,cash,refunded,1
txn_0e2606268161,user_000035,sess_49b99e22db,2025-02-04T08:22:23,2025-02-04,2025,2,February,19061.4,0.0,19061.4,airtel_money,refunded,1
txn_790b86c2f1d0,user_000445,sess_e43a255c25,2025-03-24T13:20:09,2025-03-24,2025,3,March,107880.6,0.0,107880.6,cash,refunded,3
txn_e2ba81b1d7e5,user_000416,sess_f390629a18,2025-02-01T02:10:44,2025-02-01,2025,2,February,39396.61,0.0,39396.61,bank_transfer,refunded,3
txn_e4e89b0609d3,user_000204,sess_23fdee5607,2025-03-05T07:34:51,2025-03-05,2025,3,March,18882.55,937.32,17945.23,visa_card,shipped,2
txn_d9f41394ad75,user_000100,sess_378654cef0,2025-02-18T16:19:45,2025-02-18,2025,2,February,15150.08,2063.13,13086.95,bank_transfer,processing,3
txn_8888098df5a1,user_000313,sess_8bbe1be2f8,2025-03-12T19:50:16,2025-03-12,2025,3,March,59669.17,0.0,59669.17,visa_card,processing,2
txn_89baedd1cc7d,user_000382,sess_3f10d9b7e1,2025-03-24T03:40:45,2025-03-24,2025,3,March,32345.09,0.0,32345.09,bank_transfer,completed,2
txn_12a8f1d05bfc,user_000316,sess_935643ba04,2025-03-15T11:16:00,2025-03-15,2025,3,March,49456.24,0.0,49456.24,bank_transfer,completed,1
txn_7171d43e0dd2,user_000294,sess_1093e36f24,2025-01-02T18:56:20,2025-01-02,2025,1,January,43624.72,0.0,43624.72,bank_transfer,completed,1
txn_6062c4310135,user_000364,sess_4f4b768ebd,2025-02-13T03:25:30,2025-02-13,2025,2,February,88218.81,0.0,88218.81,mtn_momo,shipped,2
txn_40cc47248d00,user_000317,sess_c250c45624,2025-01-06T23:52:09,2025-01-06,2025,1,January,115686.24,0.0,115686.24,cash,shipped,3
txn_a7810c30146e,user_000013,sess_bee564b7a6,2025-03-28T11:24:11,2025-03-28,2025,3,March,1669.63,0.0,1669.63,mtn_momo,refunded,1
txn_24ee881135da,user_000258,sess_6d57a40cf9,2025-03-20T23:26:45,2025-03-20,2025,3,March,23193.84,2285.04,20908.8,mtn_momo,completed,1
txn_283b99f54b15,user_000137,sess_8b45f9f55f,2025-01-09T22:32:24,2025-01-09,2025,1,January,160700.04,0.0,160700.04,visa_card,completed,3
txn_771aa00c6fb9,user_000275,sess_97b9225011,2025-01-12T01:53:38,2025-01-12,2025,1,January,49950.59,0.0,49950.59,mtn_momo,processing,3
txn_ecd67ff40208,user_000152,sess_45fd9f737f,2025-01-13T06:50:07,2025-01-13,2025,1,January,77417.8,1733.67,75684.13,mtn_momo,refunded,2
txn_ed9a07bf4cd9,user_000419,sess_069a759790,2025-02-02T21:33:04,2025-02-02,2025,2,February,67522.76,0.0,67522.76,bank_transfer,completed,3
txn_4e052909cdf6,user_000392,sess_5c22455ed8,2025-02-08T12:12:59,2025-02-08,2025,2,February,71145.67,0.0,71145.67,visa_card,processing,2
txn_cf0b505a274c,user_000285,sess_51f61e1839,2025-01-22T10:27:14,2025-01-22,2025,1,January,30998.94,0.0,30998.94,cash,processing,1
txn_5d5c23cf558c,user_000056,sess_3982796a8c,2025-02-25T07:11:23,2025-02-25,2025,2,February,35692.5,0.0,35692.5,mtn_momo,completed,1
txn_a2dbfb6564dc,user_000463,sess_759a6bd9a0,2025-02-10T04:41:48,2025-02-10,2025,2,February,53588.52,0.0,53588.52,bank_transfer,processing,1
txn_2248680aef5a,user_000328,sess_6ac71f827c,2025-02-07T23:39:25,2025-02-07,2025,2,February,37214.68,0.0,37214.68,mtn_momo,refunded,2
txn_8eae69feff63,user_000290,sess_866a0327c9,2025-01-19T17:21:31,2025-01-19,2025,1,January,3176.82,355.23,2821.59,visa_card,shipped,1
txn_6bec5c60e7e9,user_000031,sess_67ce2654b0,2025-02-24T01:59:14,2025-02-24,2025,2,February,45426.33,0.0,45426.33,airtel_money,refunded,2
txn_bada68b758bf,user_000168,sess_48db9fbc89,2025-02-28T02:26:02,2025-02-28,2025,2,February,10846.79,0.0,10846.79,cash,completed,1
txn_b91cefafb8ef,user_000110,sess_899e0a0965,2025-03-22T00:36:17,2025-03-22,2025,3,March,24870.82,1697.88,23172.94,mtn_momo,refunded,1
txn_d1601404f88c,user_000367,sess_3792392205,2025-02-14T10:44:20,2025-02-14,2025,2,February,82277.66,0.0,82277.66,airtel_money,refunded,3
txn_c54f559e5e48,user_000242,sess_09e9cac52a,2025-02-19T01:26:32,2025-02-19,2025,2,February,74991.01,0.0,74991.01,cash,completed,3
txn_1d83eface5a8,user_000329,sess_88c1c0adac,2025-03-19T21:50:48,2025-03-19,2025,3,March,5450.67,0.0,5450.67,visa_card,refunded,1
txn_073212fdda18,user_000044,sess_fa93d05e23,2025-03-14T12:40:28,2025-03-14,2025,3,March,17014.92,0.0,17014.92,airtel_money,completed,1
txn_7e0a3bf8e511,user_000039,sess_1af8c67942,2025-02-15T07:04:43,2025-02-15,2025,2,February,106405.81,0.0,106405.81,bank_transfer,processing,2
txn_fe44a31f1957,user_000305,sess_c97df1375a,2025-02-14T18:38:15,2025-02-14,2025,2,February,1897.06,0.0,1897.06,visa_card,refunded,1
txn_47ddd9555522,user_000011,sess_4ea41d5537,2025-02-06T14:53:17,2025-02-06,2025,2,February,2437.42,0.0,2437.42,mtn_momo,refunded,1
txn_6576a7a21958,user_000370,sess_cf3e9e868a,2025-03-18T12:34:11,2025-03-18,2025,3,March,17907.25,0.0,17907.25,visa_card,processing,3
txn_30048b943819,user_000453,sess_86f1133147,2025-01-16T13:52:00,2025-01-16,2025,1,January,13581.4,1629.47,11951.93,mtn_momo,completed,1
txn_88c7e707f8d4,user_000048,sess_a746279d15,2025-02-05T10:32:16,2025-02-05,2025,2,February,24614.92,0.0,24614.92,visa_card,shipped,1
txn_bec1f2c0b1be,user_000207,sess_8fa636abfc,2025-03-13T18:10:24,2025-03-13,2025,3,March,43775.9,0.0,43775.9,airtel_money,completed,2
txn_8c79a8e936c7,user_000056,sess_0eb42de815,2025-02-25T17:36:00,2025-02-25,2025,2,February,119788.14,0.0,119788.14,cash,shipped,3
txn_64c9cd0f99ee,user_000049,sess_4167ebe6db,2025-01-31T08:04:03,2025-01-31,2025,1,January,71521.16,6983.57,64537.59,cash,shipped,1
txn_3628e2b3a2a0,user_000115,sess_d9c0c29512,2025-02-03T05:08:02,2025-02-03,2025,2,February,38819.53,0.0,38819.53,visa_card,shipped,3
txn_6195db074abe,user_000044,sess_ec96b55951,2025-03-21T02:56:51,2025-03-21,2025,3,March,59668.44,0.0,59668.44,mtn_momo,processing,2
txn_08f9741cb5e2,user_000494,sess_38fbcff273,2025-03-23T00:25:20,2025-03-23,2025,3,March,66546.68,0.0,66546.68,mtn_momo,shipped,1
txn_a3bdf6dd20b2,user_000211,sess_376d32b451,2025-01-21T05:50:10,2025-01-21,2025,1,January,55118.46,0.0,55118.46,airtel_money,refunded,2
txn_664b4b64cf96,user_000358,sess_c54299be9d,2025-03-27T03:00:26,2025-03-27,2025,3,March,1035.28,116.61,918.67,mtn_momo,shipped,1
txn_c620d42873cf,user_000383,sess_d44ea3dbdb,2025-03-19T07:10:27,2025-03-19,2025,3,March,108481.64,0.0,108481.64,visa_card,shipped,2
txn_5a953abe2816,user_000259,sess_a29b4b869d,2025-02-12T07:51:53,2025-02-12,2025,2,February,34396.74,0.0,34396.74,visa_card,completed,3
txn_9851aaa1a3f3,user_000335,sess_19bcfcde14,2025-01-22T03:58:31,2025-01-22,2025,1,January,26766.02,1391.11,25374.91,airtel_money,shipped,1
txn_19e77c0c966b,user_000367,sess_6fc6fd392f,2025-02-24T01:17:12,2025-02-24,2025,2,February,9371.48,0.0,9371.48,bank_transfer,completed,1
txn_963cea34ebb3,user_000267,sess_c42a1815e4,2025-03-16T03:41:54,2025-03-16,2025,3,March,16221.66,0.0,16221.66,cash,refunded,2
txn_bbb5e0eada09,user_000476,sess_c6946c5a12,2025-01-07T10:54:42,2025-01-07,2025,1,January,3186.12,457.4,2728.72,airtel_money,processing,1
txn_0af089c01745,user_000150,sess_26e21f32f4,2025-03-27T07:39:39,2025-03-27,2025,3,March,142518.29,0.0,142518.29,airtel_money,refunded,3
txn_17fc46817100,user_000152,sess_98bcf59777,2025-02-15T18:37:22,2025-02-15,2025,2,February,59068.2,3680.5,55387.7,mtn_momo,shipped,1
txn_b96360c47e01,user_000342,sess_1d6cc304de,2025-03-28T17:11:30,2025-03-28,2025,3,March,115286.01,5626.89,109659.12,airtel_money,shipped,2
txn_c01bab5603cd,user_000406,sess_d57cdb9662,2025-03-22T13:21:17,2025-03-22,2025,3,March,23989.33,0.0,23989.33,airtel_money,refunded,2
txn_f3e2d844bd0e,user_000109,sess_c7ead86fdc,2025-03-08T09:59:19,2025-03-08,2025,3,March,18569.22,190.73,18378.49,mtn_momo,completed,1
txn_5d6397b4c6c8,user_000196,sess_2238a6aca2,2025-01-29T12:16:54,2025-01-29,2025,1,January,12930.56,0.0,12930.56,airtel_money,completed,1
txn_b178f330660f,user_000415,sess_970f5c4260,2025-03-04T17:08:20,2025-03-04,2025,3,March,89066.44,0.0,89066.44,visa_card,completed,2
txn_4693f8270eca,user_000248,sess_34c06587e2,2025-03-06T23:15:49,2025-03-06,2025,3,March,16031.36,0.0,16031.36,mtn_momo,shipped,1
txn_a681185b4258,user_000278,sess_994fa80a2b,2025-01-01T18:33:40,2025-01-01,2025,1,January,117861.0,2408.01,115452.99,airtel_money,refunded,2
txn_092eae43f173,user_000496,sess_b38e927747,2025-01-29T04:20:47,2025-01-29,2025,1,January,16761.95,0.0,16761.95,airtel_money,completed,2
txn_a41d591a30ca,user_000268,sess_6ed0a6ae20,2025-02-05T06:12:34,2025-02-05,2025,2,February,48759.69,232.12,48527.57,bank_transfer,processing,3
txn_547e90fb8125,user_000170,sess_adad55779e,2025-03-24T05:19:02,2025-03-24,2025,3,March,39784.44,5153.68,34630.76,bank_transfer,completed,1
txn_c77b7b883b3d,user_000491,sess_65b74509e8,2025-02-18T00:59:34,2025-02-18,2025,2,February,24181.62,3331.5,20850.12,mtn_momo,completed,3
txn_6931e7b59a9c,user_000447,sess_bf27307287,2025-02-09T19:42:10,2025-02-09,2025,2,February,12424.35,0.0,12424.35,cash,completed,1
txn_28ce4e44052c,user_000317,sess_6465bb2464,2025-01-18T06:05:33,2025-01-18,2025,1,January,68479.5,0.0,68479.5,mtn_momo,processing,3
txn_c1c60cd10604,user_000194,sess_229b2e94ac,2025-03-08T06:21:13,2025-03-08,2025,3,March,72063.64,0.0,72063.64,mtn_momo,completed,1
txn_c2a5fbadc056,user_000363,sess_6b14a9d74f,2025-02-25T16:55:27,2025-02-25,2025,2,February,50905.95,0.0,50905.95,bank_transfer,completed,2
txn_1768a49181cb,user_000068,sess_0ccd1a0895,2025-02-21T13:07:57,2025-02-21,2025,2,February,78952.77,0.0,78952.77,bank_transfer,completed,3
txn_e2e77036c85b,user_000167,sess_155d3b3a34,2025-02-01T08:33:14,2025-02-01,2025,2,February,65537.66,1588.64,63949.02,bank_transfer,completed,2
txn_d5b7e1f89b8d,user_000224,sess_2e10c8b841,2025-03-14T21:55:07,2025-03-14,2025,3,March,9706.26,0.0,9706.26,mtn_momo,shipped,1
txn_a102c8e3afd9,user_000142,sess_4caf7da6b2,2025-01-04T03:03:52,2025-01-04,2025,1,January,50764.74,0.0,50764.74,cash,processing,2
txn_f90a7da0d6f1,user_000318,sess_4f63b7bc78,2025-01-29T05:55:05,2025-01-29,2025,1,January,17149.67,1341.01,15808.66,cash,refunded,1
txn_01f1ab61fb22,user_000186,sess_b36518ee06,2025-02-28T15:49:41,2025-02-28,2025,2,February,67221.13,0.0,67221.13,airtel_money,completed,3
txn_ef328682b4fc,user_000284,sess_00327dfbba,2025-03-28T16:28:31,2025-03-28,2025,3,March,16145.92,0.0,16145.92,airtel_money,completed,1
txn_3478f08c9d95,user_000129,sess_97736afe78,2025-02-21T15:40:27,2025-02-21,2025,2,February,124102.0,0.0,124102.0,visa_card,completed,3
txn_f0056a5e9b8e,user_000417,sess_c2ec22d138,2025-02-10T11:06:05,2025-02-10,2025,2,February,19217.1,2751.17,16465.93,cash,completed,3
txn_2c5bb4ab3463,user_000440,sess_18c63a0f5e,2025-01-22T20:08:48,2025-01-22,2025,1,January,42046.72,0.0,42046.72,mtn_momo,processing,2
txn_00e5a52ae0c4,user_000007,sess_cd7d57eb5c,2025-02-17T05:07:10,2025-02-17,2025,2,February,46399.96,0.0,46399.96,bank_transfer,completed,3
txn_42e1d74cd221,user_000467,sess_df75edc52a,2025-03-07T22:37:57,2025-03-07,2025,3,March,29776.71,3145.59,26631.12,visa_card,completed,2
txn_f2e0b08786d9,user_000159,sess_c0a5a8dca9,2025-02-04T09:48:17,2025-02-04,2025,2,February,90987.57,0.0,90987.57,bank_transfer,refunded,3
txn_559280769f52,user_000297,sess_c84453b9d3,2025-02-27T02:32:13,2025-02-27,2025,2,February,73649.94,6253.11,67396.83,visa_card,shipped,2
txn_15a12d051b3c,user_000077,sess_80c981b936,2025-01-14T12:20:19,2025-01-14,2025,1,January,51207.13,0.0,51207.13,bank_transfer,shipped,3
txn_3900b10e0656,user_000104,sess_ffee3ad91e,2025-02-25T18:23:57,2025-02-25,2025,2,February,91803.1,0.0,91803.1,visa_card,completed,2
txn_936ad2b4b714,user_000454,sess_f49955b2eb,2025-03-06T20:59:56,2025-03-06,2025,3,March,43080.42,0.0,43080.42,cash,processing,2
txn_d0c34babdfb2,user_000157,sess_eef7f2414d,2025-01-27T00:46:26,2025-01-27,2025,1,January,116808.37,0.0,116808.37,cash,shipped,3
txn_089fccaff010,user_000470,sess_9681f12253,2025-01-29T05:48:07,2025-01-29,2025,1,January,23335.16,0.0,23335.16,cash,completed,1
txn_f3a2f2770961,user_000026,sess_c57569a826,2025-02-28T01:56:29,2025-02-28,2025,2,February,3828.44,0.0,3828.44,airtel_money,shipped,1
txn_759ae31b0d9f,user_000262,sess_9110c1d554,2025-03-13T14:39:15,2025-03-13,2025,3,March,3882.23,0.0,3882.23,bank_transfer,refunded,1
txn_58643a319410,user_000436,sess_ee8c67141c,2025-01-26T05:59:52,2025-01-26,2025,1,January,18993.19,0.0,18993.19,visa_card,completed,1
txn_2c71db6f56d7,user_000498,sess_f4f0d9448e,2025-01-27T09:43:02,2025-01-27,2025,1,January,16023.39,0.0,16023.39,visa_card,shipped,1
txn_7dc87fc4e4a1,user_000133,sess_ca2374c7b9,2025-01-15T11:53:53,2025-01-15,2025,1,January,31809.4,0.0,31809.4,cash,shipped,1
txn_9d62e51ee2b3,user_000018,sess_0c6d93435e,2025-01-10T02:57:18,2025-01-10,2025,1,January,18001.83,0.0,18001.83,cash,processing,1
txn_903fc9421038,user_000375,sess_20979d2fa4,2025-02-28T16:51:16,2025-02-28,2025,2,February,29081.15,0.0,29081.15,bank_transfer,processing,2
txn_15faeef620fe,user_000054,sess_855ae2cfed,2025-01-31T21:14:34,2025-01-31,2025,1,January,25298.64,0.0,25298.64,mtn_momo,completed,1
txn_e8c09dba483d,user_000005,sess_598bc050ef,2025-01-04T05:00:21,2025-01-04,2025,1,January,20905.26,0.0,20905.26,bank_transfer,refunded,2
txn_ee4f044a0dc6,user_000147,sess_66956f6619,2025-02-14T11:51:23,2025-02-14,2025,2,February,105361.86,0.0,105361.86,cash,completed,3
txn_688fa28d159d,user_000061,sess_7be64b5374,2025-03-01T23:44:07,2025-03-01,2025,3,March,8285.22,0.0,8285.22,cash,processing,1
txn_48a1090dca0e,user_000463,sess_0cd6111756,2025-02-15T00:12:19,2025-02-15,2025,2,February,34435.96,0.0,34435.96,cash,shipped,1
txn_2ce84147bf79,user_000387,sess_cde8758e4f,2025-02-11T01:31:12,2025-02-11,2025,2,February,50385.89,0.0,50385.89,cash,completed,3
txn_dc0bf34e9092,user_000249,sess_2337b5c7ac,2025-02-05T04:24:01,2025-02-05,2025,2,February,21228.64,2584.55,18644.09,cash,completed,1
txn_621b8f6216fe,user_000481,sess_b7b9e62136,2025-03-07T09:12:45,2025-03-07,2025,3,March,88079.33,0.0,88079.33,bank_transfer,shipped,3
txn_06a3f9c58564,user_000028,sess_3566314bee,2025-01-24T11:32:39,2025-01-24,2025,1,January,7062.94,0.0,7062.94,mtn_momo,shipped,1
txn_c999453106c6,user_000096,sess_0faf8bfae6,2025-02-24T04:08:39,2025-02-24,2025,2,February,103039.46,3195.58,99843.88,bank_transfer,shipped,2
txn_4b2afa623fd1,user_000217,sess_25ca9d20a0,2025-03-28T00:08:17,2025-03-28,2025,3,March,19512.01,0.0,19512.01,visa_card,shipped,1
txn_9c55a991244d,user_000012,sess_cf1ac17a6f,2025-03-03T19:03:18,2025-03-03,2025,3,March,21962.08,0.0,21962.08,mtn_momo,processing,1
txn_32dacc3b2cdb,user_000390,sess_f83364b068,2025-03-27T03:16:49,2025-03-27,2025,3,March,7836.76,0.0,7836.76,cash,completed,1
txn_f18d1ac8c381,user_000058,sess_d340f651b6,2025-03-15T01:09:29,2025-03-15,2025,3,March,71076.22,4978.23,66097.99,visa_card,refunded,2
txn_96e555c3e83c,user_000109,sess_4f8512be3b,2025-02-17T08:56:10,2025-02-17,2025,2,February,14633.44,0.0,14633.44,cash,completed,1
txn_4ad9c2fe6994,user_000159,sess_6104dc9e63,2025-03-01T09:17:49,2025-03-01,2025,3,March,38470.72,3004.88,35465.84,airtel_money,processing,2
txn_2bf52f7e3959,user_000451,sess_5058827de1,2025-03-12T13:47:04,2025-03-12,2025,3,March,11671.64,0.0,11671.64,bank_transfer,processing,2
txn_02dba048c9f8,user_000154,sess_a07325bc69,2025-03-12T17:06:28,2025-03-12,2025,3,March,70992.3,4672.47,66319.83,visa_card,completed,3
txn_1699b12c991e,user_000457,sess_1b5b93f82b,2025-01-12T21:36:33,2025-01-12,2025,1,January,25415.2,3531.87,21883.33,airtel_money,processing,1
txn_517d2415ba06,user_000047,sess_01aa6d6d90,2025-02-03T21:37:51,2025-02-03,2025,2,February,76215.58,8520.45,67695.13,airtel_money,refunded,3
txn_2aaa23a86f44,user_000496,sess_21522fbfe6,2025-03-21T11:00:25,2025-03-21,2025,3,March,15865.23,0.0,15865.23,cash,shipped,1
txn_cfeb9f6e6fc5,user_000138,sess_068ca3064e,2025-03-24T05:14:10,2025-03-24,2025,3,March,25435.97,0.0,25435.97,bank_transfer,completed,2
txn_27375b5f58a6,user_000478,sess_699e11c6e6,2025-03-28T22:05:41,2025-03-28,2025,3,March,12758.39,0.0,12758.39,visa_card,completed,1
txn_dd6dcd53d433,user_000495,sess_7ff60ee8ab,2025-03-04T16:44:56,2025-03-04,2025,3,March,3270.71,0.0,3270.71,airtel_money,shipped,1
txn_fdc40786ea96,user_000141,sess_043f10915c,2025-03-17T06:31:47,2025-03-17,2025,3,March,35959.32,4930.69,31028.63,visa_card,processing,1
txn_e108089a6a7d,user_000351,sess_5f0ef872e3,2025-01-15T16:38:22,2025-01-15,2025,1,January,56630.04,0.0,56630.04,bank_transfer,processing,1
txn_c02787fce76e,user_000497,sess_54f76bc31b,2025-03-27T15:17:53,2025-03-27,2025,3,March,102617.52,0.0,102617.52,visa_card,shipped,3
txn_c15514ed5b38,user_000364,sess_2040050019,2025-03-09T13:29:52,2025-03-09,2025,3,March,51209.34,0.0,51209.34,cash,refunded,2
txn_fa5859568945,user_000485,sess_c05c10ee41,2025-03-20T05:06:43,2025-03-20,2025,3,March,9593.46,531.73,9061.73,visa_card,refunded,1
txn_b66f167ff578,user_000272,sess_5eb832ecbf,2025-01-21T00:24:11,2025-01-21,2025,1,January,19147.79,2325.17,16822.62,mtn_momo,completed,2
txn_b1b8f654d26a,user_000166,sess_31b5fd6268,2025-02-04T16:57:49,2025-02-04,2025,2,February,16623.98,260.35,16363.63,airtel_money,refunded,1
txn_1814b9f27591,user_000062,sess_8a98e5adb8,2025-02-19T20:23:14,2025-02-19,2025,2,February,8447.11,0.0,8447.11,mtn_momo,refunded,2
txn_a2b6e1d79087,user_000046,sess_5a1d7e266c,2025-01-14T05:58:44,2025-01-14,2025,1,January,14908.08,0.0,14908.08,cash,shipped,2
txn_a520423ae9fc,user_000289,sess_2e1c69418e,2025-02-07T17:26:55,2025-02-07,2025,2,February,59866.28,0.0,59866.28,airtel_money,completed,2
txn_7dbe67ae49b4,user_000474,sess_2383f71152,2025-03-12T07:09:15,2025-03-12,2025,3,March,16238.6,0.0,16238.6,cash,refunded,1
txn_a5cea88aa1ea,user_000385,sess_b034df3760,2025-02-06T18:23:03,2025-02-06,2025,2,February,3633.78,174.18,3459.6,bank_transfer,completed,1
txn_e65240e444b3,user_000237,sess_17d8a57b08,2025-03-17T09:34:53,2025-03-17,2025,3,March,56493.21,0.0,56493.21,mtn_momo,completed,3
txn_6d32562bb939,user_000105,sess_ae6dc8f3dd,2025-02-25T15:24:58,2025-02-25,2025,2,February,12525.04,0.0,12525.04,airtel_money,processing,1
txn_5cf1fdd5e76b,user_000440,sess_1a16c7b0a8,2025-02-09T22:34:27,2025-02-09,2025,2,February,13333.13,1994.2,11338.93,bank_transfer,refunded,1
txn_8e8b8292eb3e,user_000499,sess_20e55ac1ca,2025-01-11T06:17:16,2025-01-11,2025,1,January,40314.16,0.0,40314.16,cash,completed,3
txn_96359e3a8a23,user_000065,sess_c5b0b0da58,2025-03-30T06:52:57,2025-03-30,2025,3,March,112806.61,0.0,112806.61,mtn_momo,refunded,3
txn_cb909d75e4b1,user_000338,sess_819a8aca64,2025-02-11T12:46:29,2025-02-11,2025,2,February,37402.75,0.0,37402.75,mtn_momo,shipped,3
txn_19f29d900569,user_000406,sess_fcc6ae3b25,2025-02-20T15:05:14,2025-02-20,2025,2,February,81296.54,0.0,81296.54,bank_transfer,shipped,2
txn_80c5e0527185,user_000394,sess_af1b05a7f1,2025-01-03T19:45:01,2025-01-03,2025,1,January,39268.82,0.0,39268.82,visa_card,refunded,1
txn_97bc19278b15,user_000106,sess_212a9651c3,2025-03-26T01:22:36,2025-03-26,2025,3,March,49674.24,4755.37,44918.87,bank_transfer,completed,2
txn_4f9bc7639310,user_000216,sess_7b7d2e71d4,2025-02-06T07:39:01,2025-02-06,2025,2,February,7764.46,0.0,7764.46,mtn_momo,processing,1
txn_fe67a1729729,user_000252,sess_5cf2e89ce1,2025-02-05T05:54:27,2025-02-05,2025,2,February,88497.64,0.0,88497.64,visa_card,completed,3
txn_b531863e7f46,user_000105,sess_cb7f4f9ff4,2025-01-24T14:45:42,2025-01-24,2025,1,January,54001.5,2172.77,51828.73,mtn_momo,refunded,2
txn_5eefc814362e,user_000311,sess_2aefbba55d,2025-03-19T19:06:22,2025-03-19,2025,3,March,2453.7,0.0,2453.7,mtn_momo,refunded,1
txn_1548c1b25288,user_000294,sess_802c872ea3,2025-03-09T10:48:36,2025-03-09,2025,3,March,39512.46,0.0,39512.46,airtel_money,shipped,2
txn_ea6d036bd9e0,user_000394,sess_8b7c94db9b,2025-03-20T22:32:58,2025-03-20,2025,3,March,50079.03,0.0,50079.03,visa_card,refunded,2
txn_877a403e4677,user_000273,sess_0e0b5979a9,2025-02-14T15:37:03,2025-02-14,2025,2,February,53150.46,0.0,53150.46,mtn_momo,completed,3
txn_fc45326bd795,user_000174,sess_bf3d7f4066,2025-03-06T11:29:31,2025-03-06,2025,3,March,42199.92,0.0,42199.92,airtel_money,shipped,1
txn_3bfb2a8e9c73,user_000331,sess_4e485222f2,2025-02-10T21:56:57,2025-02-10,2025,2,February,10730.12,0.0,10730.12,mtn_momo,shipped,1
txn_56f80c159462,user_000215,sess_3d3f11210a,2025-03-16T08:52:23,2025-03-16,2025,3,March,26095.6,0.0,26095.6,visa_card,refunded,1
txn_26642f6f66bd,user_000062,sess_f150e1f4a4,2025-03-12T07:09:53,2025-03-12,2025,3,March,11970.51,35.12,11935.39,visa_card,processing,1
txn_2a5b81043300,user_000499,sess_1511252db0,2025-01-11T23:25:50,2025-01-11,2025,1,January,8080.97,0.0,8080.97,bank_transfer,completed,1
txn_179ce2077e1b,user_000027,sess_a3256c822e,2025-01-21T12:51:23,2025-01-21,2025,1,January,69237.8,855.58,68382.22,cash,processing,1
txn_789e3d520dc9,user_000473,sess_7b3cbcdde3,2025-01-17T18:23:36,2025-01-17,2025,1,January,66840.0,0.0,66840.0,cash,completed,1
txn_1b65a80b533f,user_000380,sess_2e3a10cdcb,2025-02-09T02:02:11,2025-02-09,2025,2,February,8181.09,0.0,8181.09,cash,processing,1
txn_fcbcfcc2f160,user_000347,sess_9a85fc7faf,2025-03-11T11:42:33,2025-03-11,2025,3,March,58883.47,7250.74,51632.73,mtn_momo,processing,2
txn_e61650dda6fe,user_000167,sess_aaaa03e7a2,2025-03-26T02:53:04,2025-03-26,2025,3,March,36694.98,0.0,36694.98,mtn_momo,completed,1
txn_d107f2b63978,user_000468,sess_4b46ee357e,2025-03-27T21:26:07,2025-03-27,2025,3,March,21197.52,0.0,21197.52,visa_card,shipped,1
txn_d00cdacb032f,user_000194,sess_ecb4d3935c,2025-01-14T10:06:25,2025-01-14,2025,1,January,12406.61,0.0,12406.61,airtel_money,refunded,1
txn_e1645d98b90c,user_000390,sess_f2369de9f8,2025-01-11T09:44:12,2025-01-11,2025,1,January,9100.25,0.0,9100.25,mtn_momo,completed,1
txn_f2d6a7c058a4,user_000309,sess_7e39242d2c,2025-02-15T11:44:00,2025-02-15,2025,2,February,122629.56,2657.23,119972.33,mtn_momo,processing,3
txn_b6610c28882d,user_000027,sess_55b0bd4272,2025-03-06T15:06:59,2025-03-06,2025,3,March,87689.43,0.0,87689.43,cash,shipped,3
txn_b64f10ca32c0,user_000479,sess_43c9b4c885,2025-03-13T12:23:24,2025-03-13,2025,3,March,94263.69,9322.87,84940.82,cash,refunded,2
txn_e2ca7f6afbbe,user_000274,sess_5f07e62ea1,2025-01-28T19:47:30,2025-01-28,2025,1,January,3554.4,0.0,3554.4,cash,processing,1
txn_32fff8f44b79,user_000064,sess_6189d3cbfa,2025-03-05T15:27:51,2025-03-05,2025,3,March,167548.32,0.0,167548.32,mtn_momo,refunded,3
txn_7d93a18cb7ae,user_000193,sess_b031b9be2c,2025-01-17T07:28:31,2025-01-17,2025,1,January,26616.88,0.0,26616.88,cash,shipped,2
txn_050bc204b36b,user_000452,sess_729adc15c7,2025-03-02T19:50:57,2025-03-02,2025,3,March,81827.25,0.0,81827.25,mtn_momo,refunded,3
txn_821bf6f829bd,user_000122,sess_49f1390963,2025-02-14T11:23:40,2025-02-14,2025,2,February,22855.57,0.0,22855.57,cash,shipped,2
txn_08c04aebf090,user_000478,sess_5fbfcc5f0d,2025-03-08T13:46:04,2025-03-08,2025,3,March,39527.96,0.0,39527.96,visa_card,refunded,3
txn_f21d14e73e8d,user_000048,sess_b63994c234,2025-01-08T06:51:46,2025-01-08,2025,1,January,73389.96,0.0,73389.96,visa_card,processing,1
txn_6b5e9ae415b7,user_000105,sess_29a863e6f3,2025-02-05T10:47:17,2025-02-05,2025,2,February,19459.6,0.0,19459.6,airtel_money,shipped,2
txn_bac077cfe09e,user_000381,sess_e804bc00d6,2025-01-31T02:20:45,2025-01-31,2025,1,January,23134.13,1202.9,21931.23,mtn_momo,completed,2
txn_6da79d68ae97,user_000212,sess_dfc32a4260,2025-01-10T01:31:10,2025-01-10,2025,1,January,39601.26,0.0,39601.26,visa_card,completed,1
txn_462a00992750,user_000276,sess_5ec0a5a8e8,2025-02-28T18:49:01,2025-02-28,2025,2,February,9697.92,0.0,9697.92,visa_card,shipped,1
txn_0019ad3d44be,user_000139,sess_f6e30e87d7,2025-02-25T07:21:09,2025-02-25,2025,2,February,43290.08,1481.24,41808.84,cash,completed,3
txn_53469d489101,user_000263,sess_7998ac79c3,2025-03-20T06:24:09,2025-03-20,2025,3,March,56989.46,0.0,56989.46,mtn_momo,shipped,2
txn_3da239198343,user_000436,sess_542ec5a403,2025-01-18T21:49:01,2025-01-18,2025,1,January,49252.68,0.0,49252.68,cash,refunded,1
txn_120ee4c7e8ae,user_000020,sess_188e4df586,2025-03-07T05:05:41,2025-03-07,2025,3,March,36624.0,0.0,36624.0,cash,refunded,1
txn_0936dde5d9ac,user_000318,sess_8ee5e5c445,2025-01-06T18:28:11,2025-01-06,2025,1,January,7335.56,0.0,7335.56,visa_card,completed,1
txn_4525fcfaba3b,user_000072,sess_390d4e4e77,2025-01-04T02:58:40,2025-01-04,2025,1,January,30161.17,0.0,30161.17,visa_card,shipped,3
txn_7575d05c3f17,user_000252,sess_239674857e,2025-03-14T17:36:13,2025-03-14,2025,3,March,14267.52,0.0,14267.52,cash,completed,1
txn_57034afe6933,user_000189,sess_16f998229d,2025-01-18T08:08:40,2025-01-18,2025,1,January,6702.13,0.0,6702.13,cash,completed,1
txn_a2caa6b1944b,user_000257,sess_37ae23baa8,2025-02-10T13:26:05,2025-02-10,2025,2,February,59107.2,3150.68,55956.52,mtn_momo,refunded,2
txn_80a0d664314f,user_000401,sess_152571fe1d,2025-03-16T01:46:12,2025-03-16,2025,3,March,87055.89,0.0,87055.89,bank_transfer,shipped,3
txn_74f3307af6c5,user_000177,sess_45b7e8dfb8,2025-03-15T08:03:49,2025-03-15,2025,3,March,104588.84,0.0,104588.84,cash,shipped,3
txn_f93a75322e01,user_000231,sess_d215bf3b06,2025-02-12T08:58:55,2025-02-12,2025,2,February,34212.1,0.0,34212.1,cash,processing,3
txn_b00357086ad9,user_000181,sess_343f3a25f5,2025-03-23T15:25:01,2025-03-23,2025,3,March,53588.52,0.0,53588.52,visa_card,shipped,1
txn_28fbf448c1f0,user_000048,sess_b579c706b2,2025-02-07T05:53:44,2025-02-07,2025,2,February,30039.14,2980.44,27058.7,bank_transfer,shipped,1
txn_2f50f0668216,user_000410,sess_883890e7f0,2025-02-26T02:36:50,2025-02-26,2025,2,February,35555.56,976.47,34579.09,visa_card,processing,1
txn_794e2e8c69a7,user_000496,sess_bd1b3419a4,2025-02-26T07:33:09,2025-02-26,2025,2,February,47304.75,0.0,47304.75,bank_transfer,completed,1
txn_ad79907b3204,user_000444,sess_42e19d3fe4,2025-02-21T16:23:32,2025-02-21,2025,2,February,96079.66,6582.05,89497.61,mtn_momo,refunded,2
txn_fa85f240a94c,user_000418,sess_4fa8da8406,2025-03-06T00:43:04,2025-03-06,2025,3,March,54033.28,0.0,54033.28,cash,refunded,2
txn_1a4bf499abff,user_000019,sess_a6b4438a4d,2025-01-24T14:33:13,2025-01-24,2025,1,January,120239.32,0.0,120239.32,airtel_money,processing,2
txn_b6dc2866becd,user_000156,sess_d278a92e3f,2025-02-28T08:33:02,2025-02-28,2025,2,February,77624.28,0.0,77624.28,mtn_momo,shipped,1
txn_bc1a4b33f6b4,user_000262,sess_a322c6dd1f,2025-01-22T19:12:00,2025-01-22,2025,1,January,26777.59,0.0,26777.59,visa_card,completed,2
txn_93bf24148d64,user_000438,sess_0c4ae85a29,2025-01-31T13:57:09,2025-01-31,2025,1,January,70443.24,0.0,70443.24,visa_card,shipped,1
txn_19686e56108e,user_000268,sess_e1582f231f,2025-02-23T01:45:01,2025-02-23,2025,2,February,49456.24,70.78,49385.46,airtel_money,refunded,1
txn_3efba0d3fa61,user_000318,sess_0e65be1fba,2025-03-19T20:59:06,2025-03-19,2025,3,March,1873.04,0.0,1873.04,bank_transfer,shipped,1
txn_39110d2a7afb,user_000018,sess_bfd59ee6c4,2025-02-04T02:46:21,2025-02-04,2025,2,February,47931.24,0.0,47931.24,mtn_momo,completed,1
txn_f48e50c19700,user_000471,sess_2446067a06,2025-03-08T23:22:04,2025-03-08,2025,3,March,106918.3,6313.3,100605.0,visa_card,shipped,3
txn_7e1fc60a8812,user_000475,sess_c65d06d87c,2025-01-15T20:14:49,2025-01-15,2025,1,January,55648.24,0.0,55648.24,cash,shipped,2
txn_118db6ed2f56,user_000421,sess_e61450e8df,2025-01-01T19:09:36,2025-01-01,2025,1,January,10104.52,867.11,9237.41,cash,refunded,2
txn_50462b1dda35,user_000396,sess_4c01eae75c,2025-02-24T22:36:35,2025-02-24,2025,2,February,57589.75,5276.48,52313.27,airtel_money,processing,3
txn_5abcc0c27fc8,user_000298,sess_3a1055a708,2025-01-20T19:12:16,2025-01-20,2025,1,January,28401.54,0.0,28401.54,cash,refunded,2
txn_afc625cf07c9,user_000007,sess_0c3d5e6ded,2025-01-15T01:29:06,2025-01-15,2025,1,January,44108.23,0.0,44108.23,cash,completed,2
txn_3135b8ee8902,user_000196,sess_ba69e24b40,2025-01-08T23:23:20,2025-01-08,2025,1,January,3933.96,60.11,3873.85,visa_card,refunded,1
txn_b2f0b43418d7,user_000186,sess_47e2136462,2025-03-11T01:28:30,2025-03-11,2025,3,March,100040.62,5455.88,94584.74,mtn_momo,completed,2
txn_859a384db8b3,user_000128,sess_a9270d6d0d,2025-02-08T22:02:38,2025-02-08,2025,2,February,47102.28,0.0,47102.28,cash,completed,1
txn_ff7a264638b1,user_000086,sess_f1545f1d2c,2025-01-29T15:44:04,2025-01-29,2025,1,January,64211.42,0.0,64211.42,airtel_money,refunded,2
txn_1a3d88b7936f,user_000336,sess_4ba47d3d85,2025-02-10T16:28:19,2025-02-10,2025,2,February,18375.54,0.0,18375.54,airtel_money,refunded,1
txn_e02dcfe2197a,user_000146,sess_00805b771b,2025-03-03T05:31:23,2025-03-03,2025,3,March,84047.62,117.65,83929.97,visa_card,processing,3
txn_d310eff21b2d,user_000367,sess_ba8827fce3,2025-02-09T07:30:00,2025-02-09,2025,2,February,73998.4,0.0,73998.4,cash,processing,3
txn_1839db0d63b3,user_000259,sess_887c6ec22f,2025-02-25T23:12:43,2025-02-25,2025,2,February,38608.77,0.0,38608.77,bank_transfer,processing,3
txn_77cff1b712d5,user_000393,sess_6c4efa49f6,2025-02-12T03:07:37,2025-02-12,2025,2,February,29061.88,800.45,28261.43,visa_card,completed,2
txn_c48e56f29fc0,user_000450,sess_f937e505d0,2025-03-01T18:32:26,2025-03-01,2025,3,March,35302.74,0.0,35302.74,airtel_money,refunded,2
txn_acf8bf87b6ec,user_000356,sess_d3bc94f536,2025-03-21T12:53:57,2025-03-21,2025,3,March,1689.18,238.52,1450.66,airtel_money,refunded,1
txn_be4106d4774b,user_000243,sess_0f5b5b6684,2025-03-02T11:14:37,2025-03-02,2025,3,March,37682.84,2345.81,35337.03,mtn_momo,shipped,2
txn_6466b96dd306,user_000464,sess_5a753b9f1f,2025-03-18T14:56:52,2025-03-18,2025,3,March,119101.2,0.0,119101.2,airtel_money,processing,3
txn_b025aa307b94,user_000061,sess_764fd4a089,2025-01-20T05:35:14,2025-01-20,2025,1,January,23343.93,0.0,23343.93,cash,refunded,3
txn_4c69de1eaf53,user_000236,sess_5855aaf8e1,2025-01-08T10:01:26,2025-01-08,2025,1,January,29712.34,0.0,29712.34,bank_transfer,completed,1
txn_9ae9bfecae98,user_000021,sess_8db1a31ef3,2025-01-06T23:32:29,2025-01-06,2025,1,January,94433.28,0.0,94433.28,cash,shipped,3
txn_5e87030e58b6,user_000245,sess_8c17b26906,2025-01-29T18:52:04,2025-01-29,2025,1,January,28605.78,1064.29,27541.49,mtn_momo,completed,1
txn_072ee8a8c908,user_000390,sess_34a615943d,2025-01-08T15:42:12,2025-01-08,2025,1,January,76524.76,11273.33,65251.43,visa_card,shipped,1
txn_a704687eb83f,user_000186,sess_8fa8843f98,2025-01-24T10:52:38,2025-01-24,2025,1,January,164452.44,0.0,164452.44,mtn_momo,shipped,3
txn_7ddb3e30e616,user_000382,sess_0ed08a6a20,2025-01-16T16:28:17,2025-01-16,2025,1,January,100782.28,0.0,100782.28,visa_card,shipped,2
txn_03383794add6,user_000046,sess_10754ed5ef,2025-02-07T23:30:26,2025-02-07,2025,2,February,82739.63,0.0,82739.63,cash,refunded,2
txn_8698219913d9,user_000182,sess_461d07b6ac,2025-03-02T03:27:06,2025-03-02,2025,3,March,14064.71,0.0,14064.71,airtel_money,completed,1
txn_00712aafe589,user_000267,sess_f7857b9ce4,2025-02-10T15:20:29,2025-02-10,2025,2,February,6691.18,0.0,6691.18,mtn_momo,completed,1
txn_139a2e02a364,user_000061,sess_12da30b344,2025-03-27T17:22:01,2025-03-27,2025,3,March,10379.94,569.78,9810.16,airtel_money,shipped,1
txn_3dc6bf0ff65c,user_000346,sess_69cf70b2a1,2025-02-10T10:52:32,2025-02-10,2025,2,February,45059.92,0.0,45059.92,visa_card,processing,1
txn_fbf89409eeea,user_000420,sess_abaecb9cde,2025-02-24T10:55:23,2025-02-24,2025,2,February,5695.51,0.0,5695.51,bank_transfer,shipped,1
txn_d415d2783629,user_000345,sess_91a0207b32,2025-01-12T01:48:51,2025-01-12,2025,1,January,68491.2,0.0,68491.2,airtel_money,refunded,2
txn_551d345b5cd1,user_000237,sess_573ee7864d,2025-03-21T09:58:58,2025-03-21,2025,3,March,56752.7,0.0,56752.7,bank_transfer,processing,2
txn_ca30411e1363,user_000014,sess_8450cee806,2025-01-16T02:40:42,2025-01-16,2025,1,January,21431.79,0.0,21431.79,airtel_money,processing,1
txn_831de25e45c5,user_000098,sess_2f279887f7,2025-01-10T03:36:53,2025-01-10,2025,1,January,38266.36,0.0,38266.36,mtn_momo,processing,3
txn_b69a9c466f27,user_000460,sess_5aed1b2d7b,2025-01-21T23:21:05,2025-01-21,2025,1,January,46081.38,0.0,46081.38,bank_transfer,processing,2
txn_578e6f3cdf2d,user_000353,sess_a017007617,2025-03-23T12:31:36,2025-03-23,2025,3,March,24101.89,0.0,24101.89,cash,processing,2
txn_11ea93932743,user_000023,sess_5e88a1c80b,2025-02-19T09:17:01,2025-02-19,2025,2,February,67780.32,0.0,67780.32,cash,refunded,2
txn_7475f69797cc,user_000374,sess_27635ad4e8,2025-01-29T03:14:40,2025-01-29,2025,1,January,28199.52,292.0,27907.52,airtel_money,completed,1
txn_99d138631cfa,user_000073,sess_c9fb002567,2025-03-27T17:03:33,2025-03-27,2025,3,March,58497.47,0.0,58497.47,mtn_momo,refunded,3
txn_cc1a87f27192,user_000214,sess_35c9d6b43a,2025-01-07T18:32:45,2025-01-07,2025,1,January,24281.86,3575.98,20705.88,visa_card,processing,1
txn_ed90cb920125,user_000285,sess_a9e9e8e8ec,2025-03-15T13:10:57,2025-03-15,2025,3,March,101490.3,2820.63,98669.67,visa_card,shipped,3
txn_aee35c125d1a,user_000033,sess_57a73fa702,2025-02-14T14:57:16,2025-02-14,2025,2,February,111643.54,0.0,111643.54,airtel_money,shipped,3
txn_016908f5f21f,user_000441,sess_7af540586d,2025-03-06T19:06:50,2025-03-06,2025,3,March,64850.56,390.19,64460.37,mtn_momo,processing,1
txn_136367217494,user_000017,sess_ceef13d3e7,2025-03-28T19:11:40,2025-03-28,2025,3,March,5439.6,556.17,4883.43,bank_transfer,processing,1
txn_8a75f5218996,user_000487,sess_c114752da6,2025-03-21T10:59:56,2025-03-21,2025,3,March,53588.52,0.0,53588.52,bank_transfer,refunded,1
txn_0f1717ac39af,user_000367,sess_b8399e38c9,2025-03-19T16:41:48,2025-03-19,2025,3,March,44257.96,0.0,44257.96,airtel_money,completed,2
txn_b2b9d3bde0be,user_000390,sess_3c656a84c7,2025-03-28T18:26:19,2025-03-28,2025,3,March,65948.79,2294.55,63654.24,mtn_momo,refunded,2
txn_e3805410293f,user_000250,sess_9177973e1f,2025-01-24T11:55:14,2025-01-24,2025,1,January,39711.09,0.0,39711.09,visa_card,completed,3
txn_04905c973435,user_000383,sess_7097058db5,2025-03-19T17:00:43,2025-03-19,2025,3,March,21197.52,0.0,21197.52,visa_card,shipped,1
txn_03c1f40dd0cb,user_000277,sess_32a74d4d40,2025-02-08T08:03:13,2025-02-08,2025,2,February,27921.32,1027.11,26894.21,visa_card,refunded,1
txn_3fc778a71d4f,user_000227,sess_5902c2fd44,2025-01-27T20:35:15,2025-01-27,2025,1,January,10037.19,0.0,10037.19,cash,refunded,1
txn_97ca8015a3e6,user_000497,sess_67d9620f64,2025-02-23T16:58:50,2025-02-23,2025,2,February,98990.3,0.0,98990.3,airtel_money,shipped,3
txn_e9b4f87c1d71,user_000005,sess_46a8045911,2025-01-12T15:46:13,2025-01-12,2025,1,January,47684.79,0.0,47684.79,visa_card,shipped,3
txn_d451b1e7a36c,user_000098,sess_7fb8d82651,2025-03-22T03:22:58,2025-03-22,2025,3,March,79392.84,0.0,79392.84,visa_card,refunded,2
txn_6a660bb88cf5,user_000292,sess_49c7d64034,2025-03-26T00:51:42,2025-03-26,2025,3,March,42970.6,0.0,42970.6,bank_transfer,completed,1
txn_5f0870053611,user_000332,sess_2114d97489,2025-02-06T21:51:40,2025-02-06,2025,2,February,15470.98,0.0,15470.98,visa_card,processing,2
txn_96ba20225031,user_000405,sess_3ef388ffd7,2025-03-07T07:17:06,2025-03-07,2025,3,March,108384.72,0.0,108384.72,visa_card,processing,3
txn_365f16fd602e,user_000189,sess_abe41ade47,2025-03-08T11:27:25,2025-03-08,2025,3,March,59839.86,0.0,59839.86,bank_transfer,refunded,1
txn_59fd1c05c7d1,user_000082,sess_f3a4c6df74,2025-02-05T01:14:58,2025-02-05,2025,2,February,16097.18,0.0,16097.18,mtn_momo,completed,2
txn_74c565ce5857,user_000037,sess_7d5b6f1028,2025-02-20T19:03:25,2025-02-20,2025,2,February,29481.94,0.0,29481.94,visa_card,completed,2
txn_b214620299bb,user_000200,sess_6f8194a813,2025-03-30T02:42:45,2025-03-30,2025,3,March,78956.47,0.0,78956.47,bank_transfer,refunded,3
txn_93fa2797edb8,user_000239,sess_a88f2f36be,2025-01-09T09:56:31,2025-01-09,2025,1,January,56256.56,0.0,56256.56,mtn_momo,refunded,1
txn_63c305007299,user_000109,sess_2495baf2f3,2025-01-18T13:53:07,2025-01-18,2025,1,January,3404.6,215.78,3188.82,airtel_money,processing,1
txn_0f66fbf7c569,user_000355,sess_c94661f285,2025-02-26T18:53:37,2025-02-26,2025,2,February,53670.96,0.0,53670.96,visa_card,completed,3
txn_5957dd8edbbe,user_000420,sess_e06c95b00c,2025-01-15T08:10:28,2025-01-15,2025,1,January,13718.94,1422.05,12296.89,airtel_money,refunded,1
txn_1cfc7a9587f1,user_000302,sess_eb78036e36,2025-03-09T04:56:02,2025-03-09,2025,3,March,20483.28,0.0,20483.28,cash,shipped,2
txn_e670844a0e5e,user_000292,sess_e06a2c1d64,2025-03-15T05:32:18,2025-03-15,2025,3,March,48990.55,2734.41,46256.14,visa_card,shipped,2
txn_a5ee3023a88e,user_000210,sess_b9793ec6da,2025-02-20T05:49:39,2025-02-20,2025,2,February,63393.66,616.89,62776.77,airtel_money,processing,2
txn_3c458739fdb1,user_000112,sess_b78f2fcf86,2025-01-21T17:05:52,2025-01-21,2025,1,January,15405.92,651.47,14754.45,bank_transfer,processing,3
txn_097f998c5e59,user_000439,sess_b03c42e639,2025-03-02T20:58:11,2025-03-02,2025,3,March,28948.08,0.0,28948.08,visa_card,completed,1
txn_35734fc82e7d,user_000110,sess_a0a3684b03,2025-01-24T19:35:09,2025-01-24,2025,1,January,59757.84,0.0,59757.84,cash,processing,3
txn_3cfa0814882b,user_000480,sess_15e3b19a08,2025-02-26T15:15:40,2025-02-26,2025,2,February,97842.05,0.0,97842.05,bank_transfer,completed,2
txn_0c858fa2c147,user_000123,sess_c683932e17,2025-02-24T00:35:39,2025-02-24,2025,2,February,49022.5,0.0,49022.5,mtn_momo,completed,2
txn_e01fd2a55e1f,user_000103,sess_615dbed010,2025-03-21T05:10:52,2025-03-21,2025,3,March,8811.12,0.0,8811.12,bank_transfer,completed,1
txn_9edcd95d93b3,user_000105,sess_7cf1a698ca,2025-01-05T02:28:40,2025-01-05,2025,1,January,22722.42,2267.38,20455.04,bank_transfer,refunded,1
txn_964ed314e4d7,user_000408,sess_269f758bbe,2025-03-01T12:45:41,2025-03-01,2025,3,March,16474.14,0.0,16474.14,bank_transfer,completed,1
txn_1988c758a380,user_000020,sess_2081221518,2025-02-28T04:10:25,2025-02-28,2025,2,February,12297.2,870.27,11426.93,cash,completed,1
txn_ba7e589d4236,user_000448,sess_690148a3c3,2025-02-08T09:15:14,2025-02-08,2025,2,February,64608.77,7701.64,56907.13,bank_transfer,shipped,2
txn_7018ef9232d6,user_000209,sess_c4bc993b19,2025-01-29T12:32:47,2025-01-29,2025,1,January,47931.24,6315.42,41615.82,cash,shipped,1
txn_5ac51ddc527d,user_000149,sess_a1f67ef6ba,2025-03-17T09:50:16,2025-03-17,2025,3,March,77620.83,0.0,77620.83,airtel_money,shipped,2
txn_ca9a62caefaa,user_000288,sess_2725b342d5,2025-02-15T14:35:35,2025-02-15,2025,2,February,16238.52,0.0,16238.52,airtel_money,shipped,1
txn_8db7eb733840,user_000444,sess_edeaee22ae,2025-01-10T01:10:23,2025-01-10,2025,1,January,25907.63,0.0,25907.63,mtn_momo,completed,2
txn_38446820b0c9,user_000007,sess_b63be9c667,2025-03-13T22:24:40,2025-03-13,2025,3,March,38059.9,0.0,38059.9,cash,processing,1
txn_282cbb1b5eb4,user_000329,sess_c5a11b0648,2025-02-01T07:47:54,2025-02-01,2025,2,February,32285.44,0.0,32285.44,mtn_momo,completed,1
txn_0596d0c77b07,user_000172,sess_3ba5ff9850,2025-02-05T12:00:35,2025-02-05,2025,2,February,76568.71,0.0,76568.71,bank_transfer,shipped,3
txn_0a851bca2bd6,user_000327,sess_fa6a48141b,2025-02-22T06:09:03,2025-02-22,2025,2,February,13908.6,0.0,13908.6,cash,shipped,1
txn_7a29eb3c986a,user_000336,sess_4fc1f05f79,2025-01-29T21:27:48,2025-01-29,2025,1,January,23037.64,0.0,23037.64,bank_transfer,shipped,2
txn_7ee5c847ff86,user_000395,sess_e73954b244,2025-03-29T13:21:30,2025-03-29,2025,3,March,64299.18,2157.42,62141.76,cash,refunded,2
txn_91b73767c76c,user_000222,sess_4ab398f75a,2025-01-12T00:44:45,2025-01-12,2025,1,January,41897.04,4567.47,37329.57,airtel_money,processing,2
txn_6b808ccc424c,user_000233,sess_458524354c,2025-02-25T06:22:37,2025-02-25,2025,2,February,94235.22,0.0,94235.22,airtel_money,processing,3
txn_a3d5f9878b0b,user_000164,sess_c08ce4644a,2025-01-14T04:12:26,2025-01-14,2025,1,January,69138.08,1509.14,67628.94,cash,shipped,2
txn_0225747b290a,user_000061,sess_e3609d351b,2025-01-26T00:20:46,2025-01-26,2025,1,January,19007.05,0.0,19007.05,airtel_money,refunded,2
txn_a92d65435b9f,user_000488,sess_08cdac509d,2025-03-24T03:21:28,2025-03-24,2025,3,March,17983.56,1291.74,16691.82,visa_card,shipped,1
txn_7d109520a49a,user_000171,sess_54dd623519,2025-02-25T10:37:09,2025-02-25,2025,2,February,35458.02,0.0,35458.02,airtel_money,processing,3
txn_ec55dd880117,user_000225,sess_462ffce5e3,2025-03-16T14:28:32,2025-03-16,2025,3,March,95901.84,0.0,95901.84,airtel_money,refunded,3
txn_256e46a332dd,user_000083,sess_65cf5e8005,2025-01-09T17:38:45,2025-01-09,2025,1,January,9593.46,1274.79,8318.67,airtel_money,shipped,1
txn_8a612158ea62,user_000222,sess_edb63b80fe,2025-01-01T18:47:20,2025-01-01,2025,1,January,4091.37,404.14,3687.23,bank_transfer,refunded,1
txn_160bc64acf58,user_000188,sess_b565c8aa4b,2025-03-23T18:13:57,2025-03-23,2025,3,March,47615.76,4645.64,42970.12,bank_transfer,shipped,1
txn_5259412250af,user_000003,sess_e3a848eb72,2025-03-09T02:47:37,2025-03-09,2025,3,March,125061.2,0.0,125061.2,bank_transfer,completed,2
txn_ba5e90e06de2,user_000188,sess_50440fad9d,2025-02-25T07:56:39,2025-02-25,2025,2,February,32069.25,0.0,32069.25,airtel_money,completed,2
txn_2c7980988126,user_000491,sess_22df5456d5,2025-02-28T07:58:45,2025-02-28,2025,2,February,19634.41,0.0,19634.41,visa_card,completed,1
txn_3c5664fcd9d0,user_000321,sess_6151220b61,2025-03-06T11:03:22,2025-03-06,2025,3,March,49167.26,0.0,49167.26,visa_card,completed,2
txn_6b66a6fe41e9,user_000364,sess_2efc2035c1,2025-02-06T11:10:37,2025-02-06,2025,2,February,21365.08,0.0,21365.08,visa_card,shipped,1
txn_d754a6c4c02e,user_000012,sess_d3724accaa,2025-01-10T20:36:16,2025-01-10,2025,1,January,76489.16,10441.83,66047.33,airtel_money,processing,2
txn_25cd6da2faf8,user_000334,sess_add91519d1,2025-01-09T07:18:57,2025-01-09,2025,1,January,128771.31,16411.09,112360.22,visa_card,refunded,3
txn_8ecb65c4f3cf,user_000404,sess_28cf19f896,2025-03-03T02:04:38,2025-03-03,2025,3,March,53813.24,0.0,53813.24,bank_transfer,refunded,2
txn_d2c72b865c6f,user_000121,sess_fd510f7cc3,2025-02-12T16:59:08,2025-02-12,2025,2,February,46861.12,0.0,46861.12,airtel_money,shipped,1
txn_f1030ff763ad,user_000287,sess_a4f7e2fdbd,2025-01-28T01:39:12,2025-01-28,2025,1,January,40909.34,4668.49,36240.85,airtel_money,refunded,3
txn_82b49a451732,user_000189,sess_fa5b29d871,2025-02-10T11:58:42,2025-02-10,2025,2,February,61292.2,0.0,61292.2,visa_card,completed,2
txn_82801724d85b,user_000170,sess_50f1185842,2025-01-26T08:34:03,2025-01-26,2025,1,January,11303.42,0.0,11303.42,visa_card,shipped,1
txn_0c5355607120,user_000434,sess_924b625119,2025-02-02T14:08:16,2025-02-02,2025,2,February,72360.21,0.0,72360.21,cash,refunded,2
txn_aba3f68d19b6,user_000245,sess_ce26a076a9,2025-02-15T02:11:21,2025-02-15,2025,2,February,19205.78,0.0,19205.78,bank_transfer,completed,1
txn_3fb304fa6b53,user_000009,sess_2bb840d40b,2025-01-12T05:16:50,2025-01-12,2025,1,January,20785.78,1089.8,19695.98,bank_transfer,processing,1
txn_2d94f3005c9a,user_000375,sess_fe29a17869,2025-03-27T09:31:34,2025-03-27,2025,3,March,5854.52,643.86,5210.66,airtel_money,refunded,1
txn_dcda4c573240,user_000119,sess_5426038e12,2025-01-01T04:37:55,2025-01-01,2025,1,January,46149.62,0.0,46149.62,cash,shipped,2
txn_1f864601d9f9,user_000339,sess_d8e7ab9466,2025-02-20T03:00:48,2025-02-20,2025,2,February,30660.92,0.0,30660.92,airtel_money,shipped,2
txn_75fc49840aca,user_000260,sess_6305b197a9,2025-02-06T14:24:57,2025-02-06,2025,2,February,10742.65,0.0,10742.65,airtel_money,processing,1
txn_b9d9cc73c622,user_000470,sess_6ae69c5bde,2025-03-26T00:48:36,2025-03-26,2025,3,March,19940.8,0.0,19940.8,airtel_money,refunded,1
txn_b1eea9642469,user_000154,sess_49bd057979,2025-01-09T11:14:04,2025-01-09,2025,1,January,15957.14,0.0,15957.14,bank_transfer,refunded,2
txn_a4219e9c5dab,user_000156,sess_2b09c0db2d,2025-03-23T08:49:51,2025-03-23,2025,3,March,92650.42,0.0,92650.42,airtel_money,refunded,3
txn_16402a2fcaca,user_000003,sess_11b88eb50a,2025-01-22T22:44:34,2025-01-22,2025,1,January,21812.36,0.0,21812.36,mtn_momo,shipped,1
txn_6fa7cfb2c62e,user_000228,sess_e729b3cef8,2025-03-16T13:41:48,2025-03-16,2025,3,March,65383.2,0.0,65383.2,airtel_money,completed,2
txn_90beefc622b9,user_000051,sess_988940d390,2025-02-25T16:15:55,2025-02-25,2025,2,February,11707.66,1595.54,10112.12,cash,processing,1
txn_c814d7f847a7,user_000376,sess_3714ac4524,2025-02-05T22:01:26,2025-02-05,2025,2,February,10600.84,230.71,10370.13,cash,processing,1
txn_8af709391f20,user_000433,sess_a9b3b04ad6,2025-01-13T21:46:51,2025-01-13,2025,1,January,72063.64,0.0,72063.64,cash,refunded,1
txn_d379120437ba,user_000395,sess_c870bb8088,2025-03-17T07:54:21,2025-03-17,2025,3,March,12776.94,0.0,12776.94,bank_transfer,refunded,2
txn_cafd01272a2f,user_000321,sess_ba658b6778,2025-02-21T16:56:16,2025-02-21,2025,2,February,7940.52,568.96,7371.56,cash,completed,1
txn_c8538bb88309,user_000259,sess_cacbb5a399,2025-02-01T02:29:25,2025-02-01,2025,2,February,53581.65,0.0,53581.65,mtn_momo,shipped,3
txn_dc335a08e106,user_000208,sess_65173ec656,2025-03-22T16:57:41,2025-03-22,2025,3,March,71503.46,0.0,71503.46,airtel_money,shipped,2
txn_04ed210de229,user_000431,sess_ec90712fdd,2025-01-17T18:12:36,2025-01-17,2025,1,January,11875.21,0.0,11875.21,airtel_money,processing,1
txn_39ea9c7cad39,user_000056,sess_2a2e11e3e1,2025-02-28T15:33:05,2025-02-28,2025,2,February,92689.22,0.0,92689.22,mtn_momo,shipped,3
txn_3bce55676054,user_000243,sess_08b1681648,2025-03-08T21:48:37,2025-03-08,2025,3,March,47983.26,0.0,47983.26,visa_card,processing,3
txn_924eee590a22,user_000161,sess_0c7dbbbff6,2025-03-24T06:05:50,2025-03-24,2025,3,March,17748.76,2062.55,15686.21,airtel_money,processing,1
txn_c57d0e5693b4,user_000059,sess_ae046606a3,2025-01-26T22:56:28,2025-01-26,2025,1,January,18307.95,2458.82,15849.13,cash,shipped,2
txn_e0766d618ed7,user_000314,sess_7f83b75d71,2025-03-16T03:27:34,2025-03-16,2025,3,March,96381.68,0.0,96381.68,airtel_money,completed,3
txn_4f59d56097b0,user_000277,sess_9453744809,2025-02-17T12:13:44,2025-02-17,2025,2,February,9958.7,0.0,9958.7,airtel_money,shipped,1
txn_9a36a7efd55f,user_000164,sess_2f23d3da72,2025-02-13T19:13:02,2025-02-13,2025,2,February,15313.5,2242.42,13071.08,cash,shipped,2
txn_b4347f7901e5,user_000206,sess_dc5fc87e75,2025-03-13T20:46:30,2025-03-13,2025,3,March,22418.6,0.0,22418.6,visa_card,shipped,1
txn_8b5ad4dfbe00,user_000302,sess_c4fc662ca7,2025-01-21T18:34:23,2025-01-21,2025,1,January,2123.32,0.0,2123.32,cash,completed,1
txn_57506225016f,user_000220,sess_a436fa23c0,2025-02-20T17:17:05,2025-02-20,2025,2,February,31743.84,0.0,31743.84,cash,refunded,1
txn_0964e7433387,user_000012,sess_ef5752e33f,2025-01-15T18:42:47,2025-01-15,2025,1,January,57289.04,0.0,57289.04,visa_card,refunded,1
txn_c49813ff1867,user_000095,sess_75cec74a5f,2025-02-19T05:37:05,2025-02-19,2025,2,February,47280.44,0.0,47280.44,mtn_momo,refunded,1
txn_d76ee88a77b7,user_000439,sess_c73003295d,2025-02-18T12:05:50,2025-02-18,2025,2,February,11285.28,1053.73,10231.55,cash,processing,1
txn_0c73045b9d5f,user_000412,sess_4643144ff7,2025-03-03T04:46:20,2025-03-03,2025,3,March,50999.1,0.0,50999.1,visa_card,refunded,1
txn_8d7629eab8a4,user_000345,sess_2c6b9ecee6,2025-03-19T10:52:24,2025-03-19,2025,3,March,6541.42,0.0,6541.42,visa_card,refunded,1
txn_b1a06ca78d12,user_000118,sess_11aa95d48b,2025-01-01T02:52:59,2025-01-01,2025,1,January,14039.08,0.0,14039.08,cash,completed,1
txn_19294e0f3daa,user_000063,sess_be8377eb49,2025-03-17T15:52:57,2025-03-17,2025,3,March,11412.16,0.0,11412.16,visa_card,processing,1
txn_1818e75ab777,user_000495,sess_b3957fa60a,2025-02-20T18:19:45,2025-02-20,2025,2,February,142322.82,0.0,142322.82,mtn_momo,completed,3
txn_f9bf919622d7,user_000020,sess_4826cce4ee,2025-03-28T08:56:34,2025-03-28,2025,3,March,11361.21,0.0,11361.21,airtel_money,processing,1
txn_620619eaaa98,user_000156,sess_54401bbd37,2025-01-13T14:22:47,2025-01-13,2025,1,January,11264.98,0.0,11264.98,airtel_money,shipped,1
txn_3d6d15e8d8ff,user_000141,sess_96d91abde0,2025-03-25T12:22:53,2025-03-25,2025,3,March,4467.48,0.0,4467.48,visa_card,shipped,1
txn_2fe312818a35,user_000182,sess_c92abf9af9,2025-01-26T17:30:31,2025-01-26,2025,1,January,9465.21,629.34,8835.87,airtel_money,shipped,1
txn_43f5d44eae0a,user_000038,sess_c4549732a8,2025-01-04T06:30:46,2025-01-04,2025,1,January,6894.44,0.0,6894.44,cash,processing,1
txn_b998daf353a3,user_000139,sess_bc59a91265,2025-01-27T02:34:41,2025-01-27,2025,1,January,84117.79,0.0,84117.79,cash,shipped,3
txn_7549fdb7c122,user_000142,sess_946ec5b20f,2025-03-08T23:01:10,2025-03-08,2025,3,March,22128.12,0.0,22128.12,airtel_money,completed,1
txn_0123ef601bf2,user_000354,sess_9657998149,2025-02-28T18:19:18,2025-02-28,2025,2,February,38365.16,0.0,38365.16,mtn_momo,shipped,2
txn_b3e1e4d45148,user_000216,sess_bda45c96b1,2025-02-18T04:17:19,2025-02-18,2025,2,February,50891.24,0.0,50891.24,mtn_momo,refunded,1
txn_794ea5d062e4,user_000267,sess_331cf515b3,2025-03-14T00:35:05,2025-03-14,2025,3,March,32747.02,0.0,32747.02,airtel_money,shipped,1
txn_60abdd4bb7ac,user_000273,sess_55e644066d,2025-01-21T01:09:37,2025-01-21,2025,1,January,51508.76,4639.86,46868.9,cash,completed,2
txn_47dc8ad8fc6e,user_000203,sess_bb8658a143,2025-03-18T02:31:11,2025-03-18,2025,3,March,52555.44,0.0,52555.44,visa_card,refunded,1
txn_a3728493a76b,user_000430,sess_23bd196729,2025-03-26T13:37:25,2025-03-26,2025,3,March,49684.13,0.0,49684.13,mtn_momo,completed,3
txn_21fffdb6857e,user_000094,sess_c7c30c8687,2025-03-25T01:58:02,2025-03-25,2025,3,March,81875.97,0.0,81875.97,cash,processing,3
txn_b770e09075d7,user_000332,sess_55128f613a,2025-01-11T09:50:16,2025-01-11,2025,1,January,31250.46,0.0,31250.46,bank_transfer,refunded,1
txn_25405cfda89d,user_000132,sess_195fdff299,2025-01-16T20:08:23,2025-01-16,2025,1,January,121178.52,0.0,121178.52,visa_card,shipped,3
txn_efdbfb9a342c,user_000439,sess_518e174152,2025-03-28T08:08:38,2025-03-28,2025,3,March,62950.15,3921.98,59028.17,bank_transfer,refunded,2
txn_07bd4a708608,user_000294,sess_e625897ba3,2025-02-03T10:08:27,2025-02-03,2025,2,February,16142.72,0.0,16142.72,cash,completed,1
txn_c0c3758de95c,user_000112,sess_5f57081548,2025-03-03T12:21:01,2025-03-03,2025,3,March,45270.78,100.34,45170.44,bank_transfer,refunded,2
txn_bc662cdb4e16,user_000479,sess_87424ed803,2025-01-28T15:36:55,2025-01-28,2025,1,January,2070.56,58.18,2012.38,cash,completed,1
txn_6586b5a418f1,user_000327,sess_73eeac0200,2025-03-14T17:24:55,2025-03-14,2025,3,March,18573.06,0.0,18573.06,visa_card,processing,1
txn_9dde2d12a029,user_000385,sess_378b91c899,2025-03-15T15:57:40,2025-03-15,2025,3,March,72063.64,0.0,72063.64,airtel_money,completed,1
txn_66a3dcd6c76a,user_000452,sess_9703f56ad0,2025-01-04T12:48:39,2025-01-04,2025,1,January,7980.34,1179.71,6800.63,visa_card,refunded,1
txn_f2110dfafbf9,user_000083,sess_8d7254ba0c,2025-02-04T03:22:59,2025-02-04,2025,2,February,8555.59,1130.65,7424.94,mtn_momo,processing,1
txn_b99eb5faeccc,user_000472,sess_df3df7e988,2025-03-19T08:22:49,2025-03-19,2025,3,March,25773.12,2001.61,23771.51,visa_card,shipped,1
txn_defded4d3760,user_000137,sess_b12532858a,2025-01-07T23:16:30,2025-01-07,2025,1,January,34733.08,838.7,33894.38,mtn_momo,processing,1
txn_5f3fe95dd465,user_000239,sess_f1adb4a4e1,2025-02-18T14:36:22,2025-02-18,2025,2,February,8285.22,0.0,8285.22,bank_transfer,shipped,1
txn_7ae493123be0,user_000469,sess_e976264ae2,2025-02-06T08:12:43,2025-02-06,2025,2,February,8164.8,0.0,8164.8,airtel_money,shipped,1
txn_2c8ffc2e05b5,user_000260,sess_4434c24f9b,2025-02-25T12:55:41,2025-02-25,2025,2,February,29634.4,0.0,29634.4,mtn_momo,refunded,1
txn_fd40d8ec2021,user_000439,sess_cd4fcdce98,2025-01-30T16:05:26,2025-01-30,2025,1,January,122513.48,1570.29,120943.19,visa_card,refunded,2
txn_a187f771b782,user_000337,sess_df05269496,2025-01-18T19:52:06,2025-01-18,2025,1,January,11897.5,1763.49,10134.01,visa_card,shipped,1
txn_a4edffa86373,user_000340,sess_7ffb4a259f,2025-02-01T17:17:39,2025-02-01,2025,2,February,19030.64,0.0,19030.64,airtel_money,completed,2
txn_e08308e57db5,user_000466,sess_a9531647ad,2025-01-18T22:56:10,2025-01-18,2025,1,January,56134.59,6289.24,49845.35,mtn_momo,completed,1
txn_160a396344b8,user_000240,sess_841672fdc2,2025-02-09T17:05:16,2025-02-09,2025,2,February,69457.71,3770.44,65687.27,mtn_momo,completed,3
txn_e5d92c03d80f,user_000060,sess_0dae078531,2025-03-12T11:56:45,2025-03-12,2025,3,March,8821.66,0.0,8821.66,mtn_momo,refunded,1
txn_2371e26533a0,user_000341,sess_1a8f672961,2025-01-30T02:40:07,2025-01-30,2025,1,January,48186.24,0.0,48186.24,bank_transfer,refunded,1
txn_1be3c50a86bc,user_000194,sess_1dae6adf65,2025-01-29T04:27:31,2025-01-29,2025,1,January,30039.14,0.0,30039.14,bank_transfer,shipped,1
txn_0964eaa2f805,user_000077,sess_f8192d997b,2025-01-11T18:29:31,2025-01-11,2025,1,January,22655.35,0.0,22655.35,visa_card,refunded,2
txn_4cb443eaa600,user_000062,sess_b0fc85a698,2025-01-03T04:34:04,2025-01-03,2025,1,January,35589.54,0.0,35589.54,cash,refunded,1
txn_bf280f92f2b6,user_000012,sess_31e03b9bfb,2025-03-25T11:44:35,2025-03-25,2025,3,March,31954.16,0.0,31954.16,cash,shipped,1
txn_0ced15016965,user_000249,sess_cc880aefa8,2025-01-30T03:37:25,2025-01-30,2025,1,January,7421.67,36.91,7384.76,visa_card,processing,1
txn_a4985b1828b3,user_000420,sess_e7390ca4f1,2025-01-28T01:49:37,2025-01-28,2025,1,January,18855.37,0.0,18855.37,mtn_momo,processing,2
txn_9bcc0fcf7145,user_000450,sess_b98fce863b,2025-02-12T22:15:09,2025-02-12,2025,2,February,60395.78,8287.56,52108.22,cash,processing,3
txn_97a13bad516f,user_000433,sess_8094895b7f,2025-01-21T04:54:36,2025-01-21,2025,1,January,13736.47,0.0,13736.47,airtel_money,shipped,2
txn_128334845dc4,user_000457,sess_dc8e4986a5,2025-03-01T01:38:30,2025-03-01,2025,3,March,57125.8,0.0,57125.8,bank_transfer,refunded,1
txn_8365e98aec2c,user_000238,sess_5e2df033f2,2025-02-13T09:23:47,2025-02-13,2025,2,February,53091.48,0.0,53091.48,airtel_money,processing,1
txn_bacd91d75db4,user_000141,sess_aae61966c4,2025-03-10T07:58:14,2025-03-10,2025,3,March,23415.32,3314.67,20100.65,airtel_money,shipped,1
txn_436b3fdf851f,user_000452,sess_63b5e4d82c,2025-01-21T20:46:34,2025-01-21,2025,1,January,121059.72,2313.23,118746.49,cash,processing,3
txn_5d8014077b34,user_000090,sess_b02297754e,2025-01-14T07:40:11,2025-01-14,2025,1,January,23002.35,2284.57,20717.78,bank_transfer,processing,1
txn_57d44ae806c3,user_000152,sess_113ee9fc93,2025-03-21T06:16:59,2025-03-21,2025,3,March,21172.59,0.0,21172.59,mtn_momo,refunded,1
txn_a691cd246ec6,user_000100,sess_18976cbb67,2025-01-05T11:25:33,2025-01-05,2025,1,January,21201.68,0.0,21201.68,bank_transfer,shipped,1
txn_4cfcf22dd1f1,user_000457,sess_24759d6a08,2025-02-26T20:11:52,2025-02-26,2025,2,February,5591.6,0.0,5591.6,mtn_momo,completed,1
txn_d56f47b2982b,user_000463,sess_c47128421e,2025-02-16T17:33:59,2025-02-16,2025,2,February,122715.6,0.0,122715.6,cash,refunded,3
txn_4b826850c435,user_000036,sess_7462e5d7bb,2025-02-15T14:47:07,2025-02-15,2025,2,February,36333.24,0.0,36333.24,cash,shipped,2
txn_08dbfb64ab9c,user_000354,sess_5fe673097a,2025-01-30T08:48:31,2025-01-30,2025,1,January,54468.88,0.0,54468.88,cash,shipped,2
txn_4413c3e8ca6e,user_000262,sess_4ee743bd79,2025-02-06T00:51:29,2025-02-06,2025,2,February,13385.72,0.0,13385.72,airtel_money,processing,2
txn_5c9a6f7e88e4,user_000295,sess_5deb98e4a6,2025-03-21T14:30:41,2025-03-21,2025,3,March,18141.98,0.0,18141.98,visa_card,processing,2
txn_27e3735ba632,user_000427,sess_ee5e309f93,2025-03-01T13:46:30,2025-03-01,2025,3,March,110331.72,0.0,110331.72,cash,shipped,2
txn_aedca465fba3,user_000331,sess_1221c08299,2025-03-29T22:23:21,2025-03-29,2025,3,March,64733.44,0.0,64733.44,cash,completed,2
txn_2074eee818d9,user_000425,sess_de78532273,2025-02-07T10:30:58,2025-02-07,2025,2,February,28491.14,904.86,27586.28,visa_card,completed,1
txn_35180e86e1da,user_000283,sess_a69097f0df,2025-01-25T07:44:39,2025-01-25,2025,1,January,63760.43,5441.83,58318.6,cash,shipped,3
txn_eadf01888ae7,user_000309,sess_44351d16e9,2025-01-16T02:46:17,2025-01-16,2025,1,January,52227.22,5268.04,46959.18,airtel_money,processing,2
txn_b712f2b4ae2b,user_000407,sess_6829a187e4,2025-02-01T03:18:13,2025-02-01,2025,2,February,99630.12,0.0,99630.12,airtel_money,shipped,3
txn_b4365ae2c36f,user_000256,sess_78815dce64,2025-03-01T04:29:31,2025-03-01,2025,3,March,65304.14,8458.88,56845.26,airtel_money,shipped,3
txn_8d5148b8b83f,user_000249,sess_69f777c7af,2025-01-18T07:03:21,2025-01-18,2025,1,January,7525.4,0.0,7525.4,airtel_money,shipped,1
txn_4ed3a530b0f0,user_000083,sess_a02242fe04,2025-01-02T13:44:45,2025-01-02,2025,1,January,99297.52,0.0,99297.52,mtn_momo,completed,3
txn_397681069aa0,user_000358,sess_1a919cd6c7,2025-03-01T17:06:15,2025-03-01,2025,3,March,17309.45,1651.07,15658.38,airtel_money,shipped,1
txn_00b3775e900f,user_000405,sess_14ce59efc1,2025-03-10T03:22:16,2025-03-10,2025,3,March,31743.84,0.0,31743.84,bank_transfer,refunded,1
txn_dd677edf4f3d,user_000207,sess_3f7661b324,2025-02-12T09:31:45,2025-02-12,2025,2,February,1447.45,0.0,1447.45,bank_transfer,refunded,1
txn_7e654214de73,user_000110,sess_302d963786,2025-03-18T07:36:06,2025-03-18,2025,3,March,42666.33,0.0,42666.33,mtn_momo,refunded,1
txn_cb6a84e61846,user_000268,sess_91a3d87984,2025-01-26T08:25:13,2025-01-26,2025,1,January,74187.22,7098.16,67089.06,bank_transfer,completed,3
txn_75bcdf5ea2ff,user_000368,sess_25c12816ac,2025-03-19T08:22:23,2025-03-19,2025,3,March,58951.0,0.0,58951.0,airtel_money,processing,2
txn_22c1d06c1218,user_000428,sess_a92e04f83b,2025-02-19T10:57:28,2025-02-19,2025,2,February,32747.02,137.72,32609.3,bank_transfer,shipped,1
txn_5df382a6ccbe,user_000198,sess_d480066132,2025-02-28T22:47:45,2025-02-28,2025,2,February,120601.28,0.0,120601.28,visa_card,shipped,3
txn_fe869d28bb02,user_000268,sess_3223b40ac0,2025-02-21T23:15:59,2025-02-21,2025,2,February,1363.79,0.0,1363.79,visa_card,completed,1
txn_d86e1c8f6706,user_000201,sess_069bd89771,2025-03-19T22:00:18,2025-03-19,2025,3,March,19113.24,287.49,18825.75,visa_card,refunded,2
txn_af96cf852636,user_000415,sess_c68fd20ba9,2025-01-22T13:32:56,2025-01-22,2025,1,January,46526.37,3014.49,43511.88,visa_card,completed,1
txn_bff5072b515d,user_000014,sess_25ee276304,2025-02-17T21:05:34,2025-02-17,2025,2,February,78477.15,0.0,78477.15,airtel_money,refunded,3
txn_b8e20a052ea4,user_000180,sess_8896d03ecb,2025-01-31T19:10:20,2025-01-31,2025,1,January,9936.64,0.0,9936.64,visa_card,refunded,1
txn_a4a34f4ff52b,user_000077,sess_4a51a17058,2025-01-10T04:56:54,2025-01-10,2025,1,January,817.9,68.63,749.27,mtn_momo,completed,1
txn_f55eac3a39c5,user_000416,sess_99c7e68306,2025-03-29T08:36:39,2025-03-29,2025,3,March,54719.52,0.0,54719.52,cash,refunded,1
txn_7ae2d48d07e4,user_000239,sess_d146d01044,2025-02-01T06:18:08,2025-02-01,2025,2,February,22722.42,955.47,21766.95,cash,processing,1
txn_50ce50a64674,user_000056,sess_ef83dbe346,2025-03-11T22:27:19,2025-03-11,2025,3,March,35074.41,0.0,35074.41,visa_card,refunded,1
txn_da1ce5d79127,user_000221,sess_8423a14e4f,2025-02-21T17:49:22,2025-02-21,2025,2,February,13338.96,0.0,13338.96,bank_transfer,refunded,1
txn_8072396003a6,user_000210,sess_e8eb2e6f80,2025-03-15T02:53:06,2025-03-15,2025,3,March,34166.6,0.0,34166.6,cash,processing,1
txn_5fea92f8cbd3,user_000033,sess_7b1f9cb14a,2025-02-08T15:07:15,2025-02-08,2025,2,February,61505.52,0.0,61505.52,mtn_momo,shipped,3
txn_da357f9e7887,user_000114,sess_108ebbbbbd,2025-01-16T15:30:38,2025-01-16,2025,1,January,10485.1,0.0,10485.1,airtel_money,refunded,1
txn_aaa9be7a01ff,user_000393,sess_d6bf2e5890,2025-01-29T16:12:24,2025-01-29,2025,1,January,15334.9,0.0,15334.9,cash,processing,1
txn_42de7d6a63cc,user_000457,sess_4d82bec0d0,2025-01-25T06:39:09,2025-01-25,2025,1,January,57251.75,0.0,57251.75,bank_transfer,shipped,3
txn_ffa63c6a4d2c,user_000383,sess_9309b9b520,2025-02-21T07:59:05,2025-02-21,2025,2,February,22418.6,0.0,22418.6,bank_transfer,processing,1
txn_eabbd794c8be,user_000095,sess_5aeb6ed675,2025-03-11T02:32:36,2025-03-11,2025,3,March,28780.38,0.0,28780.38,airtel_money,processing,1
txn_3838ce93cfb4,user_000351,sess_b048f9c40e,2025-01-25T08:29:20,2025-01-25,2025,1,January,80675.96,5471.96,75204.0,visa_card,shipped,3
txn_001aeccd7612,user_000447,sess_5beb5a25bc,2025-01-11T18:10:39,2025-01-11,2025,1,January,115990.72,1897.94,114092.78,cash,refunded,3
txn_659c860489f9,user_000052,sess_930495c953,2025-03-07T18:55:10,2025-03-07,2025,3,March,4853.13,0.0,4853.13,bank_transfer,shipped,1
txn_4a9e50451fae,user_000185,sess_d6a16fa68f,2025-01-06T21:12:26,2025-01-06,2025,1,January,65908.98,0.0,65908.98,visa_card,completed,2
txn_8fb5cc216e0a,user_000322,sess_f536bb6c35,2025-02-13T10:49:00,2025-02-13,2025,2,February,46961.98,909.25,46052.73,bank_transfer,shipped,2
txn_ee827c3102e3,user_000438,sess_b901fcdbb9,2025-02-18T21:36:06,2025-02-18,2025,2,February,12366.48,0.0,12366.48,mtn_momo,processing,1
txn_8066315a1fd6,user_000013,sess_3bff7cfe3a,2025-02-16T21:20:16,2025-02-16,2025,2,February,8781.78,0.0,8781.78,bank_transfer,shipped,1
txn_1e88259f98b2,user_000427,sess_acd8187dd6,2025-03-24T12:23:14,2025-03-24,2025,3,March,47741.06,0.0,47741.06,bank_transfer,shipped,3
txn_81fa0375b087,user_000470,sess_af8ca13392,2025-03-28T00:05:01,2025-03-28,2025,3,March,94062.85,6948.93,87113.92,mtn_momo,processing,3
txn_d2d715b0c102,user_000412,sess_63fa70e516,2025-01-02T10:59:44,2025-01-02,2025,1,January,41859.3,0.0,41859.3,cash,shipped,1
txn_1727d58db687,user_000211,sess_08366daeac,2025-01-12T17:34:11,2025-01-12,2025,1,January,91327.76,0.0,91327.76,cash,refunded,3
txn_253cecb62863,user_000407,sess_12f4924a05,2025-01-18T23:41:05,2025-01-18,2025,1,January,60716.93,0.0,60716.93,airtel_money,completed,3
txn_232e06aee5ae,user_000277,sess_4868ad2742,2025-01-18T07:00:44,2025-01-18,2025,1,January,65243.25,0.0,65243.25,mtn_momo,shipped,3
txn_eddb26a8f3bf,user_000212,sess_8f6a6080a8,2025-03-30T12:58:22,2025-03-30,2025,3,March,10682.26,0.0,10682.26,mtn_momo,shipped,1
txn_8e3f602e95a4,user_000321,sess_01becea42d,2025-02-07T17:16:59,2025-02-07,2025,2,February,26158.66,748.94,25409.72,mtn_momo,refunded,2
txn_7b7ff49634b3,user_000294,sess_2ecb15d990,2025-01-12T09:23:41,2025-01-12,2025,1,January,65667.05,0.0,65667.05,mtn_momo,completed,3
txn_af4a4c8b6a82,user_000026,sess_6b90dabcb4,2025-03-22T00:25:23,2025-03-22,2025,3,March,67731.75,0.0,67731.75,airtel_money,completed,2
txn_9d052e47f702,user_000148,sess_89217a77bb,2025-03-06T23:58:40,2025-03-06,2025,3,March,9217.83,0.0,9217.83,airtel_money,shipped,1
txn_629876aad745,user_000331,sess_e7907e290b,2025-02-19T22:48:03,2025-02-19,2025,2,February,67538.16,5503.74,62034.42,mtn_momo,processing,2
txn_90ef0a9d8281,user_000035,sess_5644ffbb83,2025-02-21T05:11:10,2025-02-21,2025,2,February,16389.15,0.0,16389.15,mtn_momo,refunded,2
txn_6f1c09af66c3,user_000486,sess_c129316947,2025-01-27T10:51:24,2025-01-27,2025,1,January,49270.44,0.0,49270.44,cash,completed,1
txn_449807aab66a,user_000291,sess_76255814b8,2025-03-27T17:03:51,2025-03-27,2025,3,March,110102.75,0.0,110102.75,mtn_momo,refunded,3
txn_e1abb68c9f51,user_000201,sess_1f41527b50,2025-02-28T16:27:14,2025-02-28,2025,2,February,48773.88,4359.0,44414.88,bank_transfer,processing,3
txn_bca2b0aa53df,user_000416,sess_4f0f39ce74,2025-02-01T20:53:26,2025-02-01,2025,2,February,8071.36,657.73,7413.63,cash,refunded,1
txn_26feb798424a,user_000334,sess_aa89593cb3,2025-01-24T17:39:23,2025-01-24,2025,1,January,36646.28,0.0,36646.28,cash,processing,2
txn_5e88f850e872,user_000174,sess_0e90801430,2025-02-19T02:08:57,2025-02-19,2025,2,February,55330.12,0.0,55330.12,cash,shipped,3
txn_7b18202bc495,user_000053,sess_feab62838a,2025-02-20T04:21:10,2025-02-20,2025,2,February,19497.08,0.0,19497.08,mtn_momo,refunded,1
txn_efa9c2dfc6c8,user_000284,sess_7d0a159fd7,2025-03-30T02:29:35,2025-03-30,2025,3,March,7425.21,0.0,7425.21,cash,processing,1
txn_a8d499e80fa9,user_000322,sess_251bc39393,2025-01-12T11:20:54,2025-01-12,2025,1,January,38958.36,5818.65,33139.71,bank_transfer,processing,2
txn_b38631312124,user_000090,sess_39c55072d5,2025-02-17T21:28:14,2025-02-17,2025,2,February,63332.25,0.0,63332.25,airtel_money,refunded,2
txn_2293f82a097a,user_000393,sess_2e5f4e3fb3,2025-02-02T06:28:24,2025-02-02,2025,2,February,44456.78,1095.53,43361.25,mtn_momo,processing,3
txn_cf84f9e5e3da,user_000422,sess_fb224bf640,2025-02-03T11:23:28,2025-02-03,2025,2,February,29423.18,637.52,28785.66,visa_card,refunded,1
txn_aebd2bbc2926,user_000019,sess_d4f61d45c1,2025-03-10T07:14:50,2025-03-10,2025,3,March,15920.86,0.0,15920.86,visa_card,refunded,2
txn_9f01196530fd,user_000054,sess_5ec4cbfcc4,2025-01-03T21:01:13,2025-01-03,2025,1,January,45964.62,0.0,45964.62,mtn_momo,completed,3
txn_3df4585aaa3d,user_000212,sess_2224cd26e2,2025-02-07T04:16:09,2025-02-07,2025,2,February,17748.76,0.0,17748.76,bank_transfer,processing,1
txn_3a786a99d0bd,user_000403,sess_86d922eec7,2025-03-22T05:33:57,2025-03-22,2025,3,March,46065.52,0.0,46065.52,mtn_momo,refunded,1
txn_1c560ae0ce0b,user_000396,sess_521224a55d,2025-01-31T10:19:41,2025-01-31,2025,1,January,10879.2,0.0,10879.2,airtel_money,processing,1
txn_bd7aebbb4101,user_000326,sess_a15d916f65,2025-02-20T22:32:39,2025-02-20,2025,2,February,50822.62,0.0,50822.62,cash,shipped,3
txn_e7ff90732b7a,user_000321,sess_f34a5e800b,2025-02-27T05:08:06,2025-02-27,2025,2,February,1489.16,0.0,1489.16,visa_card,completed,1
txn_ba43f3a8b071,user_000272,sess_0cefa53562,2025-01-28T15:25:52,2025-01-28,2025,1,January,13988.49,1862.12,12126.37,bank_transfer,shipped,1
txn_d49814c346d6,user_000034,sess_cecdae826f,2025-02-12T15:09:47,2025-02-12,2025,2,February,36319.5,0.0,36319.5,airtel_money,refunded,1
txn_a74abcce2e44,user_000031,sess_8dc7590e16,2025-01-16T04:33:31,2025-01-16,2025,1,January,51164.34,3014.7,48149.64,mtn_momo,shipped,2
