user_id,city,province,country,registration_date,last_active,total_orders,total_spent_rwf,avg_order_rwf
user_000000,Kirehe,Eastern,RW,2024-10-11T19:25:12,2024-10-16T15:58:42,0,0,0
user_000001,Rubavu,Western,RW,2024-10-27T16:51:53,2024-12-14T06:08:36,0,0,0
user_000002,Rulindo,Northern,RW,2024-10-14T13:08:48,2025-03-06T13:21:04,0,0,0
user_000003,Musanze,Northern,RW,2024-12-05T16:49:26,2025-03-21T14:24:58,0,0,0
user_000004,Kicukiro,Kigali,RW,2024-11-27T07:56:50,2025-02-17T06:14:43,0,0,0
user_000005,Gasabo,Kigali,RW,2024-10-03T21:25:57,2024-10-22T02:05:02,0,0,0
user_000006,Gicumbi,Northern,RW,2024-10-23T14:08:21,2025-01-29T17:15:55,0,0,0
user_000007,Kayonza,Eastern,RW,2024-10-03T13:49:59,2025-01-20T13:25:28,0,0,0
user_000008,Gicumbi,Northern,RW,2024-12-09T12:26:47,2025-03-25T08:03:27,0,0,0
user_000009,Nyaruguru,Southern,RW,2024-10-22T09:39:49,2025-01-17T15:07:46,0,0,0
user_000010,Gatsibo,Eastern,RW,2024-10-28T00:13:52,2024-10-29T06:31:03,0,0,0
user_000011,Karongi,Western,RW,2024-12-18T05:41:41,2025-01-18T05:45:39,0,0,0
user_000012,Nyagatare,Eastern,RW,2024-11-11T00:45:46,2025-01-16T02:26:42,0,0,0
user_000013,Huye,Southern,RW,2024-10-16T02:17:36,2024-11-26T21:43:41,0,0,0
user_000014,Karongi,Western,RW,2024-11-02T16:19:19,2024-11-22T12:39:22,0,0,0
user_000015,Kicukiro,Kigali,RW,2024-11-06T21:17:41,2024-11-25T16:01:32,0,0,0
user_000016,Kamonyi,Southern,RW,2024-12-22T06:48:18,2025-02-27T01:45:17,0,0,0
user_000017,Kayonza,Eastern,RW,2024-10-26T16:22:41,2024-11-04T02:52:18,0,0,0
user_000018,Rubavu,Western,RW,2024-11-14T14:32:15,2025-02-26T17:32:29,0,0,0
user_000019,Musanze,Northern,RW,2024-12-29T13:06:14,2025-02-04T07:09:10,0,0,0
user_000020,Kicukiro,Kigali,RW,2024-11-23T14:20:52,2025-01-19T12:39:27,0,0,0
user_000021,Nyabihu,Western,RW,2024-12-01T00:50:12,2025-02-09T06:10:40,0,0,0
user_000022,Gatsibo,Eastern,RW,2024-10-19T16:03:53,2025-03-05T11:36:26,0,0,0
user_000023,Kicukiro,Kigali,RW,2024-10-05T10:46:42,2025-02-10T20:29:19,0,0,0
user_000024,Rulindo,Northern,RW,2024-12-15T01:22:47,2025-02-09T06:01:31,0,0,0
user_000025,Kicukiro,Kigali,RW,2024-12-23T01:02:05,2025-02-06T05:55:07,0,0,0
user_000026,Nyamasheke,Western,RW,2024-10-10T19:21:01,2024-12-23T14:52:00,0,0,0
user_000027,Huye,Southern,RW,2024-11-14T00:31:21,2025-03-17T11:01:36,0,0,0
user_000028,Nyabihu,Western,RW,2024-11-05T10:07:14,2024-12-07T00:08:36,0,0,0
user_000029,Kamonyi,Southern,RW,2024-11-04T11:50:26,2024-12-15T04:12:50,0,0,0
user_000030,Ngoma,Eastern,RW,2024-10-26T22:06:12,2025-03-12T04:49:22,0,0,0
user_000031,Rutsiro,Western,RW,2024-12-06T08:46:53,2024-12-20T05:32:28,0,0,0
user_000032,Kayonza,Eastern,RW,2024-12-01T15:36:23,2025-01-03T21:10:13,0,0,0
user_000033,Bugesera,Eastern,RW,2024-12-10T18:59:18,2025-01-27T07:53:23,0,0,0
user_000034,Gakenke,Northern,RW,2024-11-14T21:08:39,2025-01-27T13:32:04,0,0,0
user_000035,Huye,Southern,RW,2024-12-29T20:19:03,2025-03-01T23:37:30,0,0,0
user_000036,Nyagatare,Eastern,RW,2024-11-24T01:47:13,2025-01-05T17:16:04,0,0,0
user_000037,Ngoma,Eastern,RW,2024-11-01T11:38:00,2025-03-30T16:14:02,0,0,0
user_000038,Karongi,Western,RW,2024-10-06T10:20:41,2024-11-19T21:47:09,0,0,0
user_000039,Nyabihu,Western,RW,2024-10-04T02:47:56,2025-03-09T10:35:03,0,0,0
user_000040,Muhanga,Southern,RW,2024-11-08T22:46:54,2024-12-30T22:32:40,0,0,0
user_000041,Kicukiro,Kigali,RW,2024-10-21T11:37:32,2025-02-08T14:52:34,0,0,0
user_000042,Rusizi,Western,RW,2024-12-09T16:51:41,2025-02-08T19:21:59,0,0,0
user_000043,Gicumbi,Northern,RW,2024-12-03T15:16:58,2025-03-10T13:52:08,0,0,0
user_000044,Nyanza,Southern,RW,2024-12-25T21:27:40,2025-03-24T16:30:41,0,0,0
user_000045,Kirehe,Eastern,RW,2024-11-14T13:12:08,2024-12-12T07:01:55,0,0,0
user_000046,Huye,Southern,RW,2024-10-14T13:21:44,2024-12-01T10:43:46,0,0,0
user_000047,Rubavu,Western,RW,2024-11-24T12:04:57,2025-03-09T03:53:55,0,0,0
user_000048,Huye,Southern,RW,2024-12-12T12:40:06,2025-03-05T17:18:52,0,0,0
user_000049,Rusizi,Western,RW,2024-11-26T15:43:48,2025-02-12T05:04:16,0,0,0
user_000050,Kamonyi,Southern,RW,2024-10-22T07:03:15,2024-11-18T03:43:36,0,0,0
user_000051,Rwamagana,Eastern,RW,2024-11-17T21:58:30,2024-12-05T13:38:36,0,0,0
user_000052,Karongi,Western,RW,2024-10-05T13:47:20,2025-03-21T18:49:09,0,0,0
user_000053,Musanze,Northern,RW,2024-10-15T20:08:45,2025-02-14T16:15:22,0,0,0
user_000054,Gakenke,Northern,RW,2024-12-16T21:40:43,2025-03-08T21:05:11,0,0,0
user_000055,Kayonza,Eastern,RW,2024-10-07T04:01:49,2024-12-20T21:10:33,0,0,0
user_000056,Nyanza,Southern,RW,2024-11-27T20:31:14,2025-02-26T17:47:28,0,0,0
user_000057,Rwamagana,Eastern,RW,2024-10-25T09:50:14,2025-02-09T20:03:24,0,0,0
user_000058,Nyamasheke,Western,RW,2024-12-31T12:01:23,2025-01-01T14:46:32,0,0,0
user_000059,Ngoma,Eastern,RW,2024-12-09T23:24:12,2025-01-01T05:15:11,0,0,0
user_000060,Ngoma,Eastern,RW,2024-12-25T21:42:23,2025-02-16T00:56:16,0,0,0
user_000061,Karongi,Western,RW,2024-10-26T21:44:51,2025-03-25T03:40:37,0,0,0
user_000062,Kirehe,Eastern,RW,2024-11-03T00:39:58,2024-11-24T16:32:12,0,0,0
user_000063,Gisagara,Southern,RW,2024-11-12T05:04:35,2024-12-12T22:08:41,0,0,0
user_000064,Ruhango,Southern,RW,2024-10-01T07:33:43,2025-02-18T12:45:17,0,0,0
user_000065,Rusizi,Western,RW,2024-12-09T20:58:39,2025-01-30T00:27:33,0,0,0
user_000066,Rwamagana,Eastern,RW,2024-12-13T23:30:02,2025-01-17T16:04:43,0,0,0
user_000067,Rwamagana,Eastern,RW,2024-12-28T14:34:37,2025-01-07T22:31:55,0,0,0
user_000068,Nyamasheke,Western,RW,2024-11-30T17:03:18,2025-01-27T15:54:30,0,0,0
user_000069,Nyabihu,Western,RW,2024-12-02T00:51:36,2025-03-10T14:44:25,0,0,0
user_000070,Kayonza,Eastern,RW,2024-10-20T07:29:47,2024-11-18T23:46:44,0,0,0
user_000071,Kamonyi,Southern,RW,2024-12-14T00:46:44,2025-01-14T09:39:07,0,0,0
user_000072,Bugesera,Eastern,RW,2024-12-15T14:19:52,2025-03-28T13:57:30,0,0,0
user_000073,Rutsiro,Western,RW,2024-10-01T01:19:57,2025-01-25T08:36:59,0,0,0
user_000074,Muhanga,Southern,RW,2024-11-17T10:32:01,2024-11-21T05:18:06,0,0,0
user_000075,Musanze,Northern,RW,2024-12-30T04:57:24,2025-02-03T10:45:47,0,0,0
user_000076,Rusizi,Western,RW,2024-12-20T17:55:16,2025-02-18T11:02:26,0,0,0
user_000077,Rulindo,Northern,RW,2024-10-06T14:58:31,2024-11-22T09:31:05,0,0,0
user_000078,Rusizi,Western,RW,2024-11-25T02:02:14,2024-12-10T09:04:18,0,0,0
user_000079,Kicukiro,Kigali,RW,2024-12-11T01:28:05,2025-03-15T10:20:51,0,0,0
user_000080,Nyabihu,Western,RW,2024-10-07T17:16:36,2025-03-04T09:56:22,0,0,0
user_000081,Bugesera,Eastern,RW,2024-12-14T08:31:24,2025-01-07T18:36:35,0,0,0
user_000082,Burera,Northern,RW,2024-12-04T01:19:51,2025-03-06T08:18:26,0,0,0
user_000083,Bugesera,Eastern,RW,2024-10-17T00:46:25,2024-12-07T12:01:37,0,0,0
user_000084,Rwamagana,Eastern,RW,2024-12-24T16:54:58,2025-02-21T14:22:56,0,0,0
user_000085,Nyaruguru,Southern,RW,2024-10-21T13:31:32,2025-02-03T06:49:38,0,0,0
user_000086,Karongi,Western,RW,2024-12-10T20:51:45,2025-01-18T22:17:39,0,0,0
user_000087,Nyagatare,Eastern,RW,2024-10-31T06:21:05,2025-01-16T17:47:24,0,0,0
user_000088,Ngoma,Eastern,RW,2024-12-03T02:19:32,2025-02-13T14:35:28,0,0,0
user_000089,Ruhango,Southern,RW,2024-12-27T08:15:09,2025-02-15T14:17:29,0,0,0
user_000090,Ruhango,Southern,RW,2024-10-12T17:57:36,2024-11-29T21:17:02,0,0,0
user_000091,Rulindo,Northern,RW,2024-10-07T05:11:28,2024-12-11T20:47:02,0,0,0
user_000092,Nyarugenge,Kigali,RW,2024-11-27T02:51:31,2025-03-14T16:19:12,0,0,0
user_000093,Rulindo,Northern,RW,2024-11-27T03:09:53,2025-01-08T21:27:07,0,0,0
user_000094,Nyarugenge,Kigali,RW,2024-10-07T21:25:33,2025-02-22T08:12:13,0,0,0
user_000095,Kirehe,Eastern,RW,2024-10-06T17:11:08,2024-11-20T04:07:53,0,0,0
user_000096,Kicukiro,Kigali,RW,2024-12-27T21:46:53,2024-12-30T22:58:43,0,0,0
user_000097,Nyamasheke,Western,RW,2024-11-02T01:57:15,2024-11-15T20:10:24,0,0,0
user_000098,Rwamagana,Eastern,RW,2024-10-24T02:35:27,2024-12-17T04:23:20,0,0,0
user_000099,Ngoma,Eastern,RW,2024-11-17T03:05:51,2024-12-28T17:30:48,0,0,0
user_000100,Bugesera,Eastern,RW,2024-10-13T20:18:32,2025-03-03T07:22:34,0,0,0
user_000101,Rutsiro,Western,RW,2024-12-25T16:06:05,2025-02-19T02:43:41,0,0,0
user_000102,Gatsibo,Eastern,RW,2024-11-15T21:24:11,2025-01-02T01:51:08,0,0,0
user_000103,Ngororero,Western,RW,2024-11-15T22:06:24,2025-02-02T23:08:36,0,0,0
user_000104,Gicumbi,Northern,RW,2024-10-10T03:47:42,2024-10-28T23:31:31,0,0,0
user_000105,Ngoma,Eastern,RW,2024-11-11T20:25:19,2025-01-19T15:34:05,0,0,0
user_000106,Nyaruguru,Southern,RW,2024-11-09T21:56:15,2025-02-08T14:25:48,0,0,0
user_000107,Nyamasheke,Western,RW,2024-12-10T18:52:11,2024-12-21T07:19:32,0,0,0
user_000108,Ngoma,Eastern,RW,2024-12-03T10:39:41,2024-12-22T13:19:18,0,0,0
user_000109,Gasabo,Kigali,RW,2024-11-09T02:10:32,2025-03-30T11:53:48,0,0,0
user_000110,Muhanga,Southern,RW,2024-12-17T17:30:56,2025-01-07T22:44:46,0,0,0
user_000111,Rulindo,Northern,RW,2024-10-19T14:26:14,2024-11-25T12:52:29,0,0,0
user_000112,Bugesera,Eastern,RW,2024-11-13T13:20:43,2024-12-10T18:38:31,0,0,0
user_000113,Nyaruguru,Southern,RW,2024-10-18T19:33:29,2024-12-11T21:40:21,0,0,0
user_000114,Ruhango,Southern,RW,2024-10-25T06:05:28,2024-11-08T21:24:36,0,0,0
user_000115,Ruhango,Southern,RW,2024-12-18T10:49:41,2025-01-06T11:06:56,0,0,0
user_000116,Gasabo,Kigali,RW,2024-12-03T07:36:27,2025-03-18T06:55:47,0,0,0
user_000117,Nyabihu,Western,RW,2024-10-02T10:23:17,2024-10-20T13:01:26,0,0,0
user_000118,Rutsiro,Western,RW,2024-12-13T03:56:05,2025-01-28T01:32:34,0,0,0
user_000119,Gakenke,Northern,RW,2024-11-09T11:00:48,2025-02-11T18:15:54,0,0,0
user_000120,Nyamagabe,Southern,RW,2024-10-21T18:04:02,2025-01-07T15:03:01,0,0,0
user_000121,Rusizi,Western,RW,2024-10-06T16:37:49,2024-11-07T15:53:41,0,0,0
user_000122,Nyanza,Southern,RW,2024-10-01T05:01:20,2024-12-16T00:31:10,0,0,0
user_000123,Huye,Southern,RW,2024-12-29T22:56:36,2025-03-16T01:57:36,0,0,0
user_000124,Ngororero,Western,RW,2024-11-14T04:14:46,2025-01-08T13:36:13,0,0,0
user_000125,Nyaruguru,Southern,RW,2024-12-07T15:10:33,2025-03-25T13:14:38,0,0,0
user_000126,Ngoma,Eastern,RW,2024-12-09T18:00:45,2025-03-14T06:03:56,0,0,0
user_000127,Burera,Northern,RW,2024-10-19T10:29:38,2024-12-16T01:15:09,0,0,0
user_000128,Gicumbi,Northern,RW,2024-10-06T16:16:33,2025-01-27T03:27:05,0,0,0
user_000129,Rubavu,Western,RW,2024-11-22T15:24:23,2024-12-04T11:29:21,0,0,0
user_000130,Rubavu,Western,RW,2024-10-31T10:45:07,2024-11-11T13:09:41,0,0,0
user_000131,Gasabo,Kigali,RW,2024-11-26T17:13:56,2025-02-27T07:13:39,0,0,0
user_000132,Rwamagana,Eastern,RW,2024-12-29T06:19:38,2025-03-22T01:18:30,0,0,0
user_000133,Rwamagana,Eastern,RW,2024-10-16T06:50:41,2024-10-27T07:55:21,0,0,0
user_000134,Rwamagana,Eastern,RW,2024-10-08T18:40:23,2025-03-23T02:13:00,0,0,0
user_000135,Gakenke,Northern,RW,2024-10-07T15:39:58,2025-01-31T04:43:50,0,0,0
user_000136,Kicukiro,Kigali,RW,2024-12-05T13:21:33,2025-01-20T05:29:19,0,0,0
user_000137,Nyanza,Southern,RW,2024-10-12T15:21:21,2025-01-31T06:14:08,0,0,0
user_000138,Rulindo,Northern,RW,2024-11-26T04:58:45,2025-03-21T15:38:21,0,0,0
user_000139,Gasabo,Kigali,RW,2024-11-30T03:15:48,2024-12-16T01:20:01,0,0,0
user_000140,Nyaruguru,Southern,RW,2024-12-03T19:47:25,2025-03-27T03:54:01,0,0,0
user_000141,Gatsibo,Eastern,RW,2024-11-20T18:10:19,2025-01-21T04:33:44,0,0,0
user_000142,Rutsiro,Western,RW,2024-10-26T07:37:41,2024-12-04T23:32:41,0,0,0
user_000143,Ngoma,Eastern,RW,2024-12-09T12:50:52,2025-02-08T13:03:02,0,0,0
user_000144,Rulindo,Northern,RW,2024-10-26T18:55:36,2025-01-11T15:25:20,0,0,0
user_000145,Burera,Northern,RW,2024-12-05T05:09:05,2025-02-01T11:14:20,0,0,0
user_000146,Ruhango,Southern,RW,2024-10-31T16:44:46,2025-03-26T16:41:18,0,0,0
user_000147,Rutsiro,Western,RW,2024-10-08T01:02:15,2024-10-09T20:27:02,0,0,0
user_000148,Ruhango,Southern,RW,2024-11-30T07:24:21,2025-03-19T15:08:46,0,0,0
user_000149,Musanze,Northern,RW,2024-10-08T02:42:35,2025-01-20T12:16:03,0,0,0
user_000150,Gicumbi,Northern,RW,2024-11-19T02:47:48,2025-01-09T14:43:12,0,0,0
user_000151,Burera,Northern,RW,2024-12-30T14:39:07,2025-02-02T11:54:05,0,0,0
user_000152,Rusizi,Western,RW,2024-10-07T16:17:43,2025-03-27T09:59:29,0,0,0
user_000153,Rulindo,Northern,RW,2024-11-05T21:03:37,2024-12-31T05:11:52,0,0,0
user_000154,Gakenke,Northern,RW,2024-11-12T13:02:38,2025-02-26T00:37:23,0,0,0
user_000155,Nyagatare,Eastern,RW,2024-10-30T08:54:57,2025-02-26T03:32:26,0,0,0
user_000156,Ngororero,Western,RW,2024-12-03T11:52:30,2025-03-16T04:55:02,0,0,0
user_000157,Nyarugenge,Kigali,RW,2024-12-04T20:14:02,2025-03-22T12:52:04,0,0,0
user_000158,Gisagara,Southern,RW,2024-12-30T11:08:56,2025-03-04T20:57:23,0,0,0
user_000159,Musanze,Northern,RW,2024-12-31T03:51:55,2025-03-26T10:02:57,0,0,0
user_000160,Burera,Northern,RW,2024-10-26T16:15:00,2024-11-18T02:11:11,0,0,0
user_000161,Rusizi,Western,RW,2024-10-11T09:24:42,2025-03-04T13:19:27,0,0,0
user_000162,Bugesera,Eastern,RW,2024-10-16T02:13:11,2024-12-07T23:27:15,0,0,0
user_000163,Gisagara,Southern,RW,2024-11-28T17:21:20,2025-01-08T14:57:39,0,0,0
user_000164,Nyagatare,Eastern,RW,2024-11-03T06:58:08,2024-12-12T19:48:04,0,0,0
user_000165,Ngoma,Eastern,RW,2024-12-01T13:52:53,2025-01-21T20:08:07,0,0,0
user_000166,Rwamagana,Eastern,RW,2024-11-17T10:21:42,2025-01-05T04:40:17,0,0,0
user_000167,Rusizi,Western,RW,2024-12-28T04:09:50,2025-03-20T07:43:42,0,0,0
user_000168,Gasabo,Kigali,RW,2024-10-09T23:04:15,2025-02-10T03:03:02,0,0,0
user_000169,Nyaruguru,Southern,RW,2024-12-20T12:31:16,2025-02-12T05:56:39,0,0,0
user_000170,Gasabo,Kigali,RW,2024-10-01T08:15:43,2024-12-05T02:44:53,0,0,0
user_000171,Karongi,Western,RW,2024-10-13T16:49:54,2025-02-14T09:59:42,0,0,0
user_000172,Huye,Southern,RW,2024-10-16T16:30:47,2025-03-09T14:53:58,0,0,0
user_000173,Ruhango,Southern,RW,2024-11-23T13:30:30,2025-02-14T14:40:25,0,0,0
user_000174,Bugesera,Eastern,RW,2024-10-01T22:31:55,2024-10-23T15:54:07,0,0,0
user_000175,Kicukiro,Kigali,RW,2024-12-31T18:07:41,2025-03-27T11:54:54,0,0,0
user_000176,Nyagatare,Eastern,RW,2024-12-27T18:18:22,2025-01-11T05:37:39,0,0,0
user_000177,Bugesera,Eastern,RW,2024-10-04T11:57:05,2025-03-15T13:26:45,0,0,0
user_000178,Kamonyi,Southern,RW,2024-11-26T13:20:44,2025-03-13T20:17:56,0,0,0
user_000179,Burera,Northern,RW,2024-11-11T17:28:32,2024-12-06T11:24:53,0,0,0
user_000180,Gasabo,Kigali,RW,2024-10-30T22:17:38,2025-01-09T17:41:35,0,0,0
user_000181,Rusizi,Western,RW,2024-12-30T14:15:09,2025-03-17T21:21:06,0,0,0
user_000182,Nyamasheke,Western,RW,2024-10-04T20:57:42,2025-03-28T10:15:14,0,0,0
user_000183,Kamonyi,Southern,RW,2024-10-21T09:30:49,2025-03-02T20:10:29,0,0,0
user_000184,Rulindo,Northern,RW,2024-12-04T18:04:02,2024-12-24T17:07:12,0,0,0
user_000185,Kamonyi,Southern,RW,2024-12-15T17:48:09,2025-03-04T15:39:30,0,0,0
user_000186,Kayonza,Eastern,RW,2024-12-12T18:24:33,2025-01-11T18:40:47,0,0,0
user_000187,Rutsiro,Western,RW,2024-12-30T06:46:47,2025-01-22T06:25:03,0,0,0
user_000188,Nyamasheke,Western,RW,2024-10-16T18:39:23,2025-03-21T02:24:00,0,0,0
user_000189,Ngororero,Western,RW,2024-10-18T04:33:42,2025-01-06T05:59:34,0,0,0
user_000190,Nyarugenge,Kigali,RW,2024-10-18T09:56:26,2025-03-10T10:34:47,0,0,0
user_000191,Rutsiro,Western,RW,2024-11-02T06:02:53,2025-01-21T04:46:13,0,0,0
user_000192,Ngororero,Western,RW,2024-12-05T00:59:48,2025-01-22T05:32:23,0,0,0
user_000193,Huye,Southern,RW,2024-10-16T10:57:28,2025-03-18T08:23:20,0,0,0
user_000194,Nyagatare,Eastern,RW,2024-10-11T11:52:51,2024-12-24T18:39:16,0,0,0
user_000195,Nyamasheke,Western,RW,2024-10-04T18:14:05,2025-03-20T11:34:09,0,0,0
user_000196,Nyamagabe,Southern,RW,2024-10-22T14:18:29,2024-11-30T08:23:05,0,0,0
user_000197,Nyabihu,Western,RW,2024-12-29T04:08:52,2025-02-11T20:43:55,0,0,0
user_000198,Kamonyi,Southern,RW,2024-10-30T15:08:46,2024-12-13T19:49:04,0,0,0
user_000199,Rulindo,Northern,RW,2024-10-03T07:08:31,2025-02-08T11:07:10,0,0,0
user_000200,Gicumbi,Northern,RW,2024-11-08T16:29:34,2025-01-11T10:18:15,0,0,0
user_000201,Huye,Southern,RW,2024-12-23T22:05:18,2024-12-30T15:51:01,0,0,0
user_000202,Karongi,Western,RW,2024-10-28T02:24:30,2025-01-04T06:52:04,0,0,0
user_000203,Kirehe,Eastern,RW,2024-11-19T11:00:04,2025-02-05T01:38:14,0,0,0
user_000204,Ngoma,Eastern,RW,2024-12-21T21:52:22,2025-02-24T05:08:34,0,0,0
user_000205,Nyarugenge,Kigali,RW,2024-10-12T04:45:56,2024-12-01T22:06:59,0,0,0
user_000206,Gakenke,Northern,RW,2024-11-26T08:52:19,2025-01-16T22:02:05,0,0,0
user_000207,Gasabo,Kigali,RW,2024-10-11T12:35:46,2025-02-04T08:49:10,0,0,0
user_000208,Nyaruguru,Southern,RW,2024-11-03T13:30:33,2025-03-25T00:46:30,0,0,0
user_000209,Ngororero,Western,RW,2024-10-31T10:55:16,2025-01-24T04:39:50,0,0,0
user_000210,Kayonza,Eastern,RW,2024-11-19T15:42:07,2024-12-12T02:39:01,0,0,0
user_000211,Nyanza,Southern,RW,2024-12-27T07:59:52,2025-02-21T07:32:43,0,0,0
user_000212,Gicumbi,Northern,RW,2024-10-25T17:32:47,2024-11-03T08:24:09,0,0,0
user_000213,Nyagatare,Eastern,RW,2024-11-12T08:05:15,2024-11-12T15:58:09,0,0,0
user_000214,Rwamagana,Eastern,RW,2024-12-29T20:44:47,2025-03-18T04:03:10,0,0,0
user_000215,Bugesera,Eastern,RW,2024-12-06T16:29:35,2025-01-13T22:44:35,0,0,0
user_000216,Kamonyi,Southern,RW,2024-11-11T20:59:44,2024-11-25T11:05:49,0,0,0
user_000217,Ngoma,Eastern,RW,2024-12-29T09:33:05,2025-01-30T10:58:23,0,0,0
user_000218,Kayonza,Eastern,RW,2024-10-31T11:28:35,2025-03-09T07:05:09,0,0,0
user_000219,Nyamasheke,Western,RW,2024-10-13T02:23:52,2025-03-01T20:41:44,0,0,0
user_000220,Rusizi,Western,RW,2024-10-30T03:48:05,2025-02-05T15:09:48,0,0,0
user_000221,Gisagara,Southern,RW,2024-12-04T17:58:23,2025-02-22T01:13:19,0,0,0
user_000222,Muhanga,Southern,RW,2024-11-09T01:39:39,2025-03-24T10:53:15,0,0,0
user_000223,Gisagara,Southern,RW,2024-11-23T19:52:28,2024-12-18T13:04:42,0,0,0
user_000224,Gicumbi,Northern,RW,2024-11-10T19:42:39,2025-03-19T22:30:23,0,0,0
user_000225,Nyanza,Southern,RW,2024-12-05T18:15:54,2025-01-08T13:17:28,0,0,0
user_000226,Kayonza,Eastern,RW,2024-11-25T06:06:40,2025-01-22T16:38:21,0,0,0
user_000227,Nyanza,Southern,RW,2024-11-23T04:47:10,2024-11-23T06:40:40,0,0,0
user_000228,Gisagara,Southern,RW,2024-10-28T20:33:26,2024-12-08T16:04:46,0,0,0
user_000229,Nyaruguru,Southern,RW,2024-12-16T06:57:02,2025-02-16T20:44:26,0,0,0
user_000230,Ruhango,Southern,RW,2024-11-12T21:26:09,2025-02-06T18:02:59,0,0,0
user_000231,Ngoma,Eastern,RW,2024-10-21T17:57:37,2025-01-29T00:12:13,0,0,0
user_000232,Nyamagabe,Southern,RW,2024-12-17T01:32:15,2025-01-19T00:21:24,0,0,0
user_000233,Ngoma,Eastern,RW,2024-10-09T05:35:16,2024-12-03T08:07:41,0,0,0
user_000234,Rwamagana,Eastern,RW,2024-12-04T10:53:29,2025-02-07T12:58:54,0,0,0
user_000235,Kicukiro,Kigali,RW,2024-12-19T11:03:53,2025-02-03T01:37:54,0,0,0
user_000236,Ngoma,Eastern,RW,2024-10-31T03:19:47,2024-12-13T18:13:51,0,0,0
user_000237,Ngororero,Western,RW,2024-10-20T08:00:22,2024-11-17T22:43:31,0,0,0
user_000238,Nyarugenge,Kigali,RW,2024-10-05T11:41:08,2024-11-22T00:44:04,0,0,0
user_000239,Nyamagabe,Southern,RW,2024-11-29T08:22:17,2024-12-13T11:46:31,0,0,0
user_000240,Ruhango,Southern,RW,2024-11-10T05:43:03,2025-03-12T12:38:12,0,0,0
user_000241,Gatsibo,Eastern,RW,2024-10-19T21:04:00,2025-03-08T08:48:04,0,0,0
user_000242,Nyagatare,Eastern,RW,2024-11-07T06:44:04,2025-02-11T06:41:56,0,0,0
user_000243,Nyanza,Southern,RW,2024-10-24T16:31:29,2024-11-22T08:15:25,0,0,0
user_000244,Kirehe,Eastern,RW,2024-12-06T18:16:34,2024-12-07T20:07:00,0,0,0
user_000245,Rusizi,Western,RW,2024-12-12T21:52:26,2025-01-02T14:36:24,0,0,0
user_000246,Karongi,Western,RW,2024-11-11T06:39:44,2024-12-23T18:32:09,0,0,0
user_000247,Gakenke,Northern,RW,2024-12-18T01:42:42,2025-03-28T15:34:11,0,0,0
user_000248,Ruhango,Southern,RW,2024-10-05T21:01:02,2025-01-22T02:42:59,0,0,0
user_000249,Rulindo,Northern,RW,2024-12-29T01:51:36,2025-03-21T10:37:37,0,0,0
user_000250,Musanze,Northern,RW,2024-11-14T07:37:59,2024-12-10T05:02:17,0,0,0
user_000251,Ngororero,Western,RW,2024-11-15T02:41:49,2025-03-24T17:50:04,0,0,0
user_000252,Rwamagana,Eastern,RW,2024-11-24T06:23:25,2025-03-19T21:23:57,0,0,0
user_000253,Muhanga,Southern,RW,2024-12-13T07:51:36,2025-03-09T06:24:05,0,0,0
user_000254,Kayonza,Eastern,RW,2024-12-19T03:06:10,2025-03-27T03:32:22,0,0,0
user_000255,Nyaruguru,Southern,RW,2024-12-20T15:21:59,2025-03-17T05:28:27,0,0,0
user_000256,Rusizi,Western,RW,2024-10-16T10:51:53,2025-03-09T20:33:00,0,0,0
user_000257,Nyamasheke,Western,RW,2024-11-16T02:04:17,2025-02-11T11:32:54,0,0,0
user_000258,Huye,Southern,RW,2024-12-12T23:46:00,2025-01-29T23:59:14,0,0,0
user_000259,Nyabihu,Western,RW,2024-12-01T21:51:31,2025-01-24T18:13:23,0,0,0
user_000260,Karongi,Western,RW,2024-12-15T12:06:49,2025-03-26T17:32:48,0,0,0
user_000261,Nyamagabe,Southern,RW,2024-11-30T20:25:46,2025-01-16T07:23:45,0,0,0
user_000262,Huye,Southern,RW,2024-11-12T16:58:38,2024-11-27T18:04:32,0,0,0
user_000263,Nyagatare,Eastern,RW,2024-10-28T17:47:41,2024-12-13T06:36:50,0,0,0
user_000264,Huye,Southern,RW,2024-11-02T14:34:53,2025-01-03T16:32:09,0,0,0
user_000265,Rusizi,Western,RW,2024-11-22T10:38:45,2024-12-08T02:09:53,0,0,0
user_000266,Burera,Northern,RW,2024-10-15T15:27:39,2024-11-29T13:13:02,0,0,0
user_000267,Nyanza,Southern,RW,2024-12-07T09:01:12,2025-01-06T01:08:38,0,0,0
user_000268,Nyagatare,Eastern,RW,2024-10-21T18:32:46,2024-11-03T05:52:27,0,0,0
user_000269,Nyaruguru,Southern,RW,2024-11-09T13:46:31,2025-01-12T19:47:39,0,0,0
user_000270,Bugesera,Eastern,RW,2024-11-15T05:40:56,2025-02-03T23:19:50,0,0,0
user_000271,Gasabo,Kigali,RW,2024-10-21T01:57:32,2025-01-10T15:58:10,0,0,0
user_000272,Nyanza,Southern,RW,2024-12-27T20:25:35,2025-03-12T14:10:49,0,0,0
user_000273,Gatsibo,Eastern,RW,2024-12-31T20:29:03,2025-03-09T09:10:12,0,0,0
user_000274,Nyarugenge,Kigali,RW,2024-12-23T04:19:49,2025-03-07T01:02:03,0,0,0
user_000275,Nyamagabe,Southern,RW,2024-10-01T13:44:19,2024-12-08T21:03:12,0,0,0
user_000276,Gisagara,Southern,RW,2024-12-13T03:43:27,2025-02-26T21:11:37,0,0,0
user_000277,Nyamasheke,Western,RW,2024-12-26T13:40:31,2025-03-29T03:19:44,0,0,0
user_000278,Nyabihu,Western,RW,2024-11-10T16:23:25,2025-02-23T04:40:47,0,0,0
user_000279,Rubavu,Western,RW,2024-12-11T07:49:17,2025-03-27T08:58:56,0,0,0
user_000280,Ngororero,Western,RW,2024-11-28T13:40:49,2025-01-10T09:27:54,0,0,0
user_000281,Nyamagabe,Southern,RW,2024-10-22T07:17:22,2024-12-14T07:15:36,0,0,0
user_000282,Nyaruguru,Southern,RW,2024-11-17T03:37:40,2024-11-22T18:53:35,0,0,0
user_000283,Nyanza,Southern,RW,2024-11-02T15:14:18,2025-03-12T12:24:55,0,0,0
user_000284,Ngoma,Eastern,RW,2024-12-17T11:48:23,2025-03-06T00:03:31,0,0,0
user_000285,Rubavu,Western,RW,2024-10-17T00:34:55,2025-03-29T05:37:20,0,0,0
user_000286,Ruhango,Southern,RW,2024-12-29T06:41:14,2025-01-10T16:04:53,0,0,0
user_000287,Kayonza,Eastern,RW,2024-11-21T20:35:53,2024-11-27T02:16:14,0,0,0
user_000288,Rutsiro,Western,RW,2024-11-08T06:08:01,2025-03-03T04:33:13,0,0,0
user_000289,Gatsibo,Eastern,RW,2024-12-04T08:54:05,2024-12-09T15:12:21,0,0,0
user_000290,Kicukiro,Kigali,RW,2024-12-02T09:42:54,2025-02-23T15:11:43,0,0,0
user_000291,Burera,Northern,RW,2024-12-24T03:54:36,2025-02-06T23:44:43,0,0,0
user_000292,Gakenke,Northern,RW,2024-10-05T21:10:18,2024-11-25T09:35:16,0,0,0
user_000293,Nyanza,Southern,RW,2024-11-01T18:47:13,2024-12-12T21:11:43,0,0,0
user_000294,Ruhango,Southern,RW,2024-11-01T17:36:21,2025-01-06T06:28:20,0,0,0
user_000295,Karongi,Western,RW,2024-12-25T09:42:35,2025-01-31T05:08:16,0,0,0
user_000296,Huye,Southern,RW,2024-12-13T00:18:35,2025-03-04T20:56:39,0,0,0
user_000297,Huye,Southern,RW,2024-12-21T01:29:00,2025-01-05T23:11:38,0,0,0
user_000298,Nyamagabe,Southern,RW,2024-10-02T21:09:58,2025-02-25T07:52:19,0,0,0
user_000299,Bugesera,Eastern,RW,2024-10-06T01:22:05,2024-12-13T00:18:05,0,0,0
user_000300,Rulindo,Northern,RW,2024-12-03T02:56:43,2024-12-16T10:43:48,0,0,0
user_000301,Karongi,Western,RW,2024-12-03T06:41:54,2024-12-11T02:18:53,0,0,0
user_000302,Karongi,Western,RW,2024-10-04T00:18:18,2024-11-21T00:43:43,0,0,0
user_000303,Gicumbi,Northern,RW,2024-12-21T11:32:41,2024-12-25T10:31:20,0,0,0
user_000304,Kayonza,Eastern,RW,2024-10-15T19:04:35,2024-12-01T02:46:35,0,0,0
user_000305,Burera,Northern,RW,2024-11-15T23:28:38,2025-03-25T23:22:53,0,0,0
user_000306,Musanze,Northern,RW,2024-11-24T18:08:39,2025-01-06T01:55:57,0,0,0
user_000307,Ruhango,Southern,RW,2024-12-07T21:52:17,2025-01-26T16:03:12,0,0,0
user_000308,Karongi,Western,RW,2024-11-05T19:35:17,2024-12-08T09:32:31,0,0,0
user_000309,Kayonza,Eastern,RW,2024-11-28T22:59:21,2024-12-21T04:45:03,0,0,0
user_000310,Karongi,Western,RW,2024-12-19T13:06:36,2025-01-20T08:18:50,0,0,0
user_000311,Gisagara,Southern,RW,2024-10-11T11:53:18,2025-01-31T20:45:16,0,0,0
user_000312,Nyarugenge,Kigali,RW,2024-12-30T04:27:50,2025-01-29T11:22:37,0,0,0
user_000313,Gatsibo,Eastern,RW,2024-12-05T18:20:00,2025-02-16T15:23:25,0,0,0
user_000314,Nyanza,Southern,RW,2024-12-31T09:47:07,2025-03-10T19:53:25,0,0,0
user_000315,Gicumbi,Northern,RW,2024-10-08T09:05:04,2025-01-31T08:27:37,0,0,0
user_000316,Nyagatare,Eastern,RW,2024-12-20T15:22:19,2025-02-05T19:07:55,0,0,0
user_000317,Musanze,Northern,RW,2024-12-07T16:34:38,2025-02-04T06:03:15,0,0,0
user_000318,Nyamasheke,Western,RW,2024-12-06T10:26:20,2024-12-29T22:35:46,0,0,0
user_000319,Ngororero,Western,RW,2024-11-24T22:43:06,2024-12-02T22:06:51,0,0,0
user_000320,Kamonyi,Southern,RW,2024-11-21T17:23:11,2025-02-12T21:46:21,0,0,0
user_000321,Ngoma,Eastern,RW,2024-11-05T23:29:33,2024-11-19T08:51:15,0,0,0
user_000322,Rwamagana,Eastern,RW,2024-12-02T20:53:06,2025-02-07T03:08:15,0,0,0
user_000323,Nyarugenge,Kigali,RW,2024-12-22T11:39:16,2025-03-14T01:16:12,0,0,0
user_000324,Nyabihu,Western,RW,2024-11-17T14:15:09,2024-12-08T02:05:57,0,0,0
user_000325,Nyaruguru,Southern,RW,2024-11-05T03:57:33,2025-03-08T14:00:01,0,0,0
user_000326,Rusizi,Western,RW,2024-12-20T11:01:40,2025-03-19T17:34:06,0,0,0
user_000327,Nyagatare,Eastern,RW,2024-10-15T20:29:42,2025-01-08T10:00:43,0,0,0
user_000328,Gakenke,Northern,RW,2024-12-11T05:52:01,2025-03-22T13:22:58,0,0,0
user_000329,Kirehe,Eastern,RW,2024-10-27T05:20:15,2025-02-23T19:41:49,0,0,0
user_000330,Ngororero,Western,RW,2024-12-29T06:51:52,2025-02-19T12:53:53,0,0,0
user_000331,Karongi,Western,RW,2024-11-16T22:37:51,2025-02-15T05:05:58,0,0,0
user_000332,Nyaruguru,Southern,RW,2024-12-20T04:06:03,2025-02-10T06:54:52,0,0,0
user_000333,Muhanga,Southern,RW,2024-12-22T16:38:07,2025-02-08T08:43:32,0,0,0
user_000334,Nyabihu,Western,RW,2024-12-30T17:49:36,2025-01-08T03:45:57,0,0,0
user_000335,Huye,Southern,RW,2024-12-25T14:20:58,2025-02-07T08:47:39,0,0,0
user_000336,Rulindo,Northern,RW,2024-12-12T20:44:11,2025-03-13T02:26:05,0,0,0
user_000337,Gatsibo,Eastern,RW,2024-11-29T06:10:33,2025-02-10T20:23:38,0,0,0
user_000338,Muhanga,Southern,RW,2024-10-03T18:52:33,2025-01-07T18:30:39,0,0,0
user_000339,Nyamasheke,Western,RW,2024-11-01T13:20:16,2024-12-06T20:46:22,0,0,0
user_000340,Nyamagabe,Southern,RW,2024-10-21T14:16:30,2024-12-29T11:52:45,0,0,0
user_000341,Ngororero,Western,RW,2024-10-26T02:00:17,2024-12-31T04:05:55,0,0,0
user_000342,Huye,Southern,RW,2024-12-25T11:17:39,2025-02-21T08:26:09,0,0,0
user_000343,Nyagatare,Eastern,RW,2024-12-25T10:47:55,2025-01-21T06:33:03,0,0,0
user_000344,Bugesera,Eastern,RW,2024-10-01T23:39:13,2025-01-10T07:18:39,0,0,0
user_000345,Gicumbi,Northern,RW,2024-10-09T07:29:33,2024-11-25T04:17:35,0,0,0
user_000346,Rubavu,Western,RW,2024-11-09T11:02:46,2025-02-12T07:59:02,0,0,0
user_000347,Bugesera,Eastern,RW,2024-12-13T14:39:06,2025-01-29T06:38:32,0,0,0
user_000348,Nyagatare,Eastern,RW,2024-11-16T05:22:38,2025-03-21T15:30:10,0,0,0
user_000349,Nyagatare,Eastern,RW,2024-11-17T15:41:47,2025-02-12T16:20:28,0,0,0
user_000350,Ngororero,Western,RW,2024-10-02T16:10:46,2024-10-20T17:50:22,0,0,0
user_000351,Gisagara,Southern,RW,2024-10-22T12:21:25,2025-01-09T01:00:10,0,0,0
user_000352,Nyagatare,Eastern,RW,2024-10-24T14:56:31,2024-12-23T01:57:55,0,0,0
user_000353,Ngoma,Eastern,RW,2024-11-26T11:07:21,2025-02-06T02:52:56,0,0,0
user_000354,Nyamagabe,Southern,RW,2024-11-23T17:41:07,2025-03-06T19:57:38,0,0,0
user_000355,Kamonyi,Southern,RW,2024-11-11T07:29:44,2025-02-26T04:29:30,0,0,0
user_000356,Muhanga,Southern,RW,2024-11-04T03:46:40,2025-03-20T15:19:09,0,0,0
user_000357,Ruhango,Southern,RW,2024-10-27T07:16:51,2024-12-25T20:14:51,0,0,0
user_000358,Huye,Southern,RW,2024-10-23T09:11:33,2024-11-15T19:29:22,0,0,0
user_000359,Rubavu,Western,RW,2024-10-19T16:45:14,2024-12-19T23:18:50,0,0,0
user_000360,Musanze,Northern,RW,2024-12-12T03:02:18,2025-03-26T04:20:43,0,0,0
user_000361,Karongi,Western,RW,2024-12-07T00:11:51,2025-01-11T23:03:29,0,0,0
user_000362,Gicumbi,Northern,RW,2024-10-22T00:12:45,2025-03-14T10:21:34,0,0,0
user_000363,Nyamagabe,Southern,RW,2024-10-27T20:17:26,2025-03-17T13:06:05,0,0,0
user_000364,Gatsibo,Eastern,RW,2024-12-13T19:24:46,2025-03-25T16:23:52,0,0,0
user_000365,Kayonza,Eastern,RW,2024-10-28T11:26:05,2024-11-16T23:55:13,0,0,0
user_000366,Nyabihu,Western,RW,2024-10-19T20:19:36,2024-12-16T08:56:06,0,0,0
user_000367,Rulindo,Northern,RW,2024-11-05T00:54:49,2024-12-09T21:10:18,0,0,0
user_000368,Gisagara,Southern,RW,2024-10-02T08:58:05,2025-02-16T20:34:24,0,0,0
user_000369,Bugesera,Eastern,RW,2024-10-13T06:57:34,2024-12-05T13:20:34,0,0,0
user_000370,Gasabo,Kigali,RW,2024-10-06T07:03:17,2025-01-21T17:53:39,0,0,0
user_000371,Gisagara,Southern,RW,2024-12-07T17:06:01,2025-01-01T05:36:19,0,0,0
user_000372,Kirehe,Eastern,RW,2024-12-24T07:39:40,2025-03-07T09:47:38,0,0,0
user_000373,Nyamagabe,Southern,RW,2024-10-10T23:02:47,2025-03-29T10:12:54,0,0,0
user_000374,Nyarugenge,Kigali,RW,2024-11-25T17:39:59,2025-01-19T22:47:01,0,0,0
user_000375,Nyamagabe,Southern,RW,2024-11-16T11:29:05,2025-02-10T00:13:05,0,0,0
user_000376,Muhanga,Southern,RW,2024-10-18T21:35:54,2024-10-28T21:01:52,0,0,0
user_000377,Huye,Southern,RW,2024-12-31T08:50:13,2025-03-25T00:47:49,0,0,0
user_000378,Nyamagabe,Southern,RW,2024-10-12T01:50:32,2025-03-20T17:10:43,0,0,0
user_000379,Kicukiro,Kigali,RW,2024-11-08T21:42:57,2025-02-12T09:25:15,0,0,0
user_000380,Kicukiro,Kigali,RW,2024-11-26T00:33:24,2025-03-28T05:59:10,0,0,0
user_000381,Ngoma,Eastern,RW,2024-10-06T04:55:05,2024-11-04T16:01:01,0,0,0
user_000382,Burera,Northern,RW,2024-12-18T18:05:52,2025-02-15T18:04:26,0,0,0
user_000383,Kicukiro,Kigali,RW,2024-10-25T02:19:36,2024-11-17T02:21:03,0,0,0
user_000384,Bugesera,Eastern,RW,2024-12-14T05:16:56,2025-03-05T00:47:37,0,0,0
user_000385,Kayonza,Eastern,RW,2024-11-27T21:04:34,2025-03-27T23:06:52,0,0,0
user_000386,Rulindo,Northern,RW,2024-12-15T07:29:49,2025-03-26T18:51:41,0,0,0
user_000387,Nyanza,Southern,RW,2024-11-13T17:46:29,2025-02-07T17:00:14,0,0,0
user_000388,Gisagara,Southern,RW,2024-12-23T12:20:00,2025-03-16T18:49:30,0,0,0
user_000389,Gisagara,Southern,RW,2024-11-25T05:00:09,2025-03-25T19:11:58,0,0,0
user_000390,Gasabo,Kigali,RW,2024-11-29T04:32:34,2024-12-18T11:00:17,0,0,0
user_000391,Karongi,Western,RW,2024-10-21T04:10:51,2025-02-19T15:17:31,0,0,0
user_000392,Gicumbi,Northern,RW,2024-10-26T16:40:12,2025-03-03T22:29:17,0,0,0
user_000393,Kicukiro,Kigali,RW,2024-10-16T05:58:10,2024-12-01T19:49:19,0,0,0
user_000394,Gakenke,Northern,RW,2024-11-23T14:14:06,2024-12-08T04:03:45,0,0,0
user_000395,Gakenke,Northern,RW,2024-10-01T06:14:05,2024-12-19T14:03:52,0,0,0
user_000396,Ruhango,Southern,RW,2024-12-06T22:21:04,2025-03-08T04:18:07,0,0,0
user_000397,Gisagara,Southern,RW,2024-10-04T04:03:22,2024-11-18T02:48:48,0,0,0
user_000398,Gisagara,Southern,RW,2024-12-08T15:19:35,2025-02-01T12:53:22,0,0,0
user_000399,Nyagatare,Eastern,RW,2024-12-23T11:01:43,2025-03-21T14:58:04,0,0,0
user_000400,Kicukiro,Kigali,RW,2024-12-06T17:43:22,2025-01-21T01:33:23,0,0,0
user_000401,Rutsiro,Western,RW,2024-10-26T16:27:25,2025-03-28T16:00:05,0,0,0
user_000402,Ngororero,Western,RW,2024-11-30T16:29:26,2025-03-25T05:06:33,0,0,0
user_000403,Ngoma,Eastern,RW,2024-12-18T01:14:09,2025-01-25T11:08:24,0,0,0
user_000404,Nyaruguru,Southern,RW,2024-10-12T03:26:53,2025-01-25T21:17:33,0,0,0
user_000405,Rulindo,Northern,RW,2024-12-02T21:05:53,2024-12-31T19:26:20,0,0,0
user_000406,Rutsiro,Western,RW,2024-10-26T18:58:06,2024-11-23T09:50:14,0,0,0
user_000407,Kicukiro,Kigali,RW,2024-10-06T18:58:00,2024-11-08T00:13:22,0,0,0
user_000408,Ngororero,Western,RW,2024-10-30T20:47:14,2025-02-23T09:53:36,0,0,0
user_000409,Rubavu,Western,RW,2024-12-20T00:37:08,2025-02-14T01:38:30,0,0,0
user_000410,Ruhango,Southern,RW,2024-10-13T01:45:54,2025-01-12T02:03:21,0,0,0
user_000411,Nyagatare,Eastern,RW,2024-10-30T12:35:01,2025-03-15T09:34:44,0,0,0
user_000412,Nyanza,Southern,RW,2024-12-31T12:35:41,2025-01-26T22:58:27,0,0,0
user_000413,Rwamagana,Eastern,RW,2024-11-22T10:14:53,2025-02-26T07:30:02,0,0,0
user_000414,Ruhango,Southern,RW,2024-10-08T19:26:35,2025-02-01T22:29:45,0,0,0
user_000415,Gasabo,Kigali,RW,2024-12-26T08:30:19,2025-02-06T07:12:18,0,0,0
user_000416,Rubavu,Western,RW,2024-11-01T07:03:49,2025-02-26T12:34:23,0,0,0
user_000417,Huye,Southern,RW,2024-10-03T12:16:10,2024-10-21T05:53:00,0,0,0
user_000418,Rulindo,Northern,RW,2024-12-05T11:13:44,2025-03-27T03:51:03,0,0,0
user_000419,Gatsibo,Eastern,RW,2024-10-03T00:20:25,2025-02-28T12:22:55,0,0,0
user_000420,Ngoma,Eastern,RW,2024-12-19T18:03:00,2025-02-10T02:03:44,0,0,0
user_000421,Gatsibo,Eastern,RW,2024-10-04T21:44:47,2025-03-02T02:05:31,0,0,0
user_000422,Karongi,Western,RW,2024-10-18T00:13:26,2025-01-17T08:54:59,0,0,0
user_000423,Rwamagana,Eastern,RW,2024-12-03T06:07:37,2025-02-27T03:03:55,0,0,0
user_000424,Rutsiro,Western,RW,2024-10-28T00:09:06,2024-12-02T05:57:08,0,0,0
user_000425,Gatsibo,Eastern,RW,2024-11-12T07:41:08,2025-03-15T13:59:48,0,0,0
user_000426,Nyabihu,Western,RW,2024-11-17T17:48:14,2024-12-05T11:01:27,0,0,0
user_000427,Nyamagabe,Southern,RW,2024-11-03T18:48:28,2025-01-22T01:50:52,0,0,0
user_000428,Muhanga,Southern,RW,2024-11-01T04:07:11,2025-03-11T07:10:05,0,0,0
user_000429,Musanze,Northern,RW,2024-12-23T06:39:46,2025-01-23T12:09:39,0,0,0
user_000430,Muhanga,Southern,RW,2024-11-09T23:12:09,2025-03-24T15:57:22,0,0,0
user_000431,Nyamagabe,Southern,RW,2024-10-28T23:35:46,2025-03-06T15:27:33,0,0,0
user_000432,Nyanza,Southern,RW,2024-12-18T23:44:46,2024-12-26T02:46:01,0,0,0
user_000433,Ruhango,Southern,RW,2024-10-09T13:11:39,2024-12-09T14:57:01,0,0,0
user_000434,Huye,Southern,RW,2024-11-01T09:16:57,2024-11-23T21:30:58,0,0,0
user_000435,Karongi,Western,RW,2024-11-09T05:47:46,2025-02-17T03:59:18,0,0,0
user_000436,Nyabihu,Western,RW,2024-10-01T02:40:55,2025-02-05T19:36:05,0,0,0
user_000437,Nyamasheke,Western,RW,2024-11-22T16:20:04,2025-02-20T09:18:00,0,0,0
user_000438,Nyaruguru,Southern,RW,2024-10-06T06:18:16,2024-11-11T16:30:08,0,0,0
user_000439,Rwamagana,Eastern,RW,2024-11-05T03:00:25,2025-03-06T00:41:27,0,0,0
user_000440,Karongi,Western,RW,2024-11-18T09:34:23,2025-03-19T20:11:20,0,0,0
user_000441,Ruhango,Southern,RW,2024-12-13T18:54:22,2024-12-23T19:26:03,0,0,0
user_000442,Gicumbi,Northern,RW,2024-10-26T22:17:10,2025-02-10T13:50:06,0,0,0
user_000443,Burera,Northern,RW,2024-12-30T01:38:03,2025-01-27T00:47:26,0,0,0
user_000444,Ruhango,Southern,RW,2024-12-25T12:31:16,2025-03-03T07:33:41,0,0,0
user_000445,Nyamagabe,Southern,RW,2024-10-12T18:56:35,2024-10-18T09:29:03,0,0,0
user_000446,Kirehe,Eastern,RW,2024-11-29T02:46:25,2025-01-14T13:58:50,0,0,0
user_000447,Nyagatare,Eastern,RW,2024-10-16T09:02:52,2024-12-15T17:14:54,0,0,0
user_000448,Bugesera,Eastern,RW,2024-10-02T07:51:49,2025-01-17T13:32:30,0,0,0
user_000449,Nyaruguru,Southern,RW,2024-10-10T01:11:35,2024-11-22T16:22:26,0,0,0
user_000450,Nyabihu,Western,RW,2024-12-28T15:16:50,2025-01-08T15:39:50,0,0,0
user_000451,Ruhango,Southern,RW,2024-12-31T22:48:41,2025-01-12T08:31:38,0,0,0
user_000452,Kirehe,Eastern,RW,2024-12-20T19:02:02,2025-01-19T16:35:28,0,0,0
user_000453,Nyamagabe,Southern,RW,2024-12-30T13:14:20,2025-03-10T03:02:44,0,0,0
user_000454,Gisagara,Southern,RW,2024-11-19T09:45:27,2025-01-11T12:00:35,0,0,0
user_000455,Nyaruguru,Southern,RW,2024-12-21T01:02:51,2025-03-24T17:39:30,0,0,0
user_000456,Nyamagabe,Southern,RW,2024-10-24T15:56:03,2025-01-21T08:42:48,0,0,0
user_000457,Bugesera,Eastern,RW,2024-10-15T01:02:24,2024-12-28T12:40:49,0,0,0
user_000458,Gicumbi,Northern,RW,2024-12-29T12:06:30,2025-02-25T16:45:33,0,0,0
user_000459,Rwamagana,Eastern,RW,2024-12-12T10:59:15,2025-01-07T23:09:44,0,0,0
user_000460,Nyamasheke,Western,RW,2024-10-07T18:40:09,2024-11-30T10:04:31,0,0,0
user_000461,Karongi,Western,RW,2024-12-16T16:50:52,2025-03-07T06:37:10,0,0,0
user_000462,Muhanga,Southern,RW,2024-12-30T16:57:23,2025-03-17T04:28:15,0,0,0
user_000463,Rwamagana,Eastern,RW,2024-10-26T22:33:26,2024-10-27T10:30:43,0,0,0
user_000464,Gisagara,Southern,RW,2024-12-10T11:49:17,2025-02-06T11:11:32,0,0,0
user_000465,Nyabihu,Western,RW,2024-11-26T23:39:50,2025-03-19T14:18:09,0,0,0
user_000466,Ngoma,Eastern,RW,2024-11-17T12:56:40,2024-12-16T09:26:57,0,0,0
user_000467,Ruhango,Southern,RW,2024-11-22T06:59:01,2025-02-24T08:10:41,0,0,0
user_000468,Kamonyi,Southern,RW,2024-11-02T06:38:28,2025-02-17T10:45:45,0,0,0
user_000469,Karongi,Western,RW,2024-11-22T18:17:01,2025-02-04T00:12:35,0,0,0
user_000470,Ruhango,Southern,RW,2024-12-30T13:42:11,2025-01-30T19:29:55,0,0,0
user_000471,Nyamasheke,Western,RW,2024-10-19T07:35:30,2025-03-03T18:10:11,0,0,0
user_000472,Rulindo,Northern,RW,2024-11-25T12:23:06,2025-02-07T21:09:30,0,0,0
user_000473,Rulindo,Northern,RW,2024-12-23T02:39:17,2025-03-12T21:00:19,0,0,0
user_000474,Gasabo,Kigali,RW,2024-10-31T21:24:16,2025-03-25T11:58:55,0,0,0
user_000475,Nyamagabe,Southern,RW,2024-12-08T11:18:00,2025-02-20T11:57:57,0,0,0
user_000476,Nyanza,Southern,RW,2024-12-04T10:30:25,2025-01-02T23:22:08,0,0,0
user_000477,Nyamagabe,Southern,RW,2024-10-04T14:15:43,2024-10-29T02:36:43,0,0,0
user_000478,Rwamagana,Eastern,RW,2024-11-27T07:13:12,2025-01-30T18:25:38,0,0,0
user_000479,Nyamasheke,Western,RW,2024-10-10T17:51:59,2025-03-29T11:53:19,0,0,0
user_000480,Nyamasheke,Western,RW,2024-11-12T17:59:16,2024-12-02T02:40:40,0,0,0
user_000481,Rwamagana,Eastern,RW,2024-12-28T09:28:58,2025-02-10T18:12:08,0,0,0
user_000482,Nyarugenge,Kigali,RW,2024-12-10T03:24:58,2025-01-07T03:13:44,0,0,0
user_000483,Nyaruguru,Southern,RW,2024-12-24T13:25:15,2025-02-26T03:10:18,0,0,0
user_000484,Burera,Northern,RW,2024-10-08T06:21:44,2025-01-07T10:20:49,0,0,0
user_000485,Ngororero,Western,RW,2024-10-26T17:32:52,2024-12-31T11:21:26,0,0,0
user_000486,Kayonza,Eastern,RW,2024-12-07T06:07:07,2025-02-22T10:31:30,0,0,0
user_000487,Kirehe,Eastern,RW,2024-10-08T19:08:53,2025-03-23T04:39:43,0,0,0
user_000488,Muhanga,Southern,RW,2024-12-22T18:05:57,2025-03-06T13:04:16,0,0,0
user_000489,Muhanga,Southern,RW,2024-11-30T20:32:52,2025-03-05T14:32:52,0,0,0
user_000490,Nyamasheke,Western,RW,2024-11-22T12:39:31,2024-11-29T11:57:37,0,0,0
user_000491,Kayonza,Eastern,RW,2024-10-07T15:25:54,2024-11-22T05:32:25,0,0,0
user_000492,Kirehe,Eastern,RW,2024-12-06T10:45:59,2025-01-31T06:02:58,0,0,0
user_000493,Rulindo,Northern,RW,2024-12-12T12:05:30,2024-12-30T01:17:23,0,0,0
user_000494,Nyaruguru,Southern,RW,2024-10-10T13:23:20,2025-03-07T04:58:06,0,0,0
user_000495,Kirehe,Eastern,RW,2024-12-08T08:11:04,2024-12-27T20:34:55,0,0,0
user_000496,Ruhango,Southern,RW,2024-10-17T03:39:28,2025-02-28T21:56:15,0,0,0
user_000497,Gisagara,Southern,RW,2024-12-27T17:07:50,2024-12-30T12:34:57,0,0,0
user_000498,Gasabo,Kigali,RW,2024-11-01T11:50:51,2024-11-12T09:22:55,0,0,0
user_000499,Gisagara,Southern,RW,2024-11-04T19:16:48,2025-01-16T14:09:57,0,0,0
